 Supply Air Temperature, Supply Air Temperature Heating Set Point, Supply Air Temperature Cooling Set Point, Outdoor Air Temperature, Mixed Air Temperature, Return Air Temperature, Outdoor Air Damper Control Signal  , Return Air Damper Control Signal, Exhaust Air Damper Control Signal    , Cooling Coil Valve Control Signal, Heating Coil Valve Control Signal,fault type
68.24,50.0,86.0,56.59,67.34,70.78,0.15,1.0,0.0,0.0,0.0,F1
66.44,50.0,50.0,63.26,62.21,70.85,1.0,0.0,0.5,1.0,0.0,F1
66.31,50.0,50.0,63.08,61.32,72.06,1.0,0.0,0.5,1.0,0.0,F1
69.08,50.0,83.02,56.98,68.45,71.35,0.15,1.0,0.0,0.0,0.0,F1
65.3,50.0,50.0,62.57,60.68,70.03,1.0,0.0,0.5,1.0,0.0,F1
66.15,50.0,50.0,65.08,61.38,72.11,1.0,0.0,0.5,1.0,0.0,F1
69.59,50.0,79.31,59.42,68.65,71.77,0.15,1.0,0.0,0.0,0.0,F1
65.84,50.0,50.0,62.9,61.31,71.96,1.0,0.0,0.5,1.0,0.0,F1
70.22,50.0,71.7,60.45,69.32,72.36,0.15,1.0,0.0,0.0,0.0,F1
65.84,50.0,50.0,62.9,61.41,71.89,1.0,0.0,0.5,1.0,0.0,F1
67.74,50.0,50.0,64.8,63.24,71.81,1.0,0.0,0.5,1.0,0.0,F1
65.38,50.0,50.0,63.16,61.07,71.79,1.0,0.0,0.5,1.0,0.0,F1
66.3,50.0,50.0,63.5,61.54,71.86,1.0,0.0,0.5,1.0,0.0,F1
66.61,50.0,50.0,63.95,62.27,71.59,1.0,0.0,0.5,1.0,0.0,F1
65.74,50.0,50.0,64.06,60.21,70.99,1.0,0.0,0.5,1.0,0.0,F1
67.78,50.0,50.0,64.8,63.72,71.83,1.0,0.0,0.5,1.0,0.0,F1
67.19,50.0,50.0,64.14,62.42,72.01,1.0,0.0,0.5,1.0,0.0,F1
67.85,50.0,86.0,56.33,66.74,70.19,0.15,1.0,0.0,0.0,0.0,F1
65.28,50.0,50.0,62.12,60.36,70.85,1.0,0.0,0.5,1.0,0.0,F1
66.75,50.0,50.0,63.17,62.9,70.93,1.0,0.0,0.5,1.0,0.0,F1
69.51,50.0,80.89,59.42,68.51,71.7,0.15,1.0,0.0,0.0,0.0,F1
68.44,50.0,85.25,56.98,67.7,70.97,0.15,1.0,0.0,0.0,0.0,F1
64.66,50.0,54.53,61.5,59.56,70.76,1.0,0.0,0.5,1.0,0.0,F1
66.96,60.94,86.0,56.39,65.56,68.61,0.15,1.0,0.0,0.0,0.0,F1
66.23,50.0,50.0,63.51,61.85,71.33,1.0,0.0,0.5,1.0,0.0,F1
71.84,50.0,86.0,58.09,70.9,71.24,0.08625,1.0,0.0,0.0,0.0,F1
67.25,50.0,50.0,64.53,63.31,71.65,1.0,0.0,0.5,1.0,0.0,F1
67.16,50.0,50.0,64.06,62.29,71.11,1.0,0.0,0.5,1.0,0.0,F1
67.27,55.92,86.0,56.61,66.11,69.57,0.15,1.0,0.0,0.0,0.0,F1
67.25,66.15,86.0,58.97,65.88,69.07,0.15,1.0,0.0,0.0,0.091001001,F1
64.64,50.0,55.37,61.49,59.46,69.53,1.0,0.0,0.5,1.0,0.0,F1
67.99,55.56,86.0,60.54,66.33,69.37,0.15,1.0,0.0,0.0,0.0,F1
66.69,50.0,50.0,63.95,61.87,71.6,1.0,0.0,0.5,1.0,0.0,F1
66.86,62.78,86.0,56.39,65.33,68.5,0.15,1.0,0.0,0.0,0.0,F1
68.05,69.43,86.0,56.27,66.33,69.25,0.15,1.0,0.0,0.0,0.239718516,F1
66.58,50.0,50.0,63.95,62.04,71.59,1.0,0.0,0.5,1.0,0.0,F1
65.25,50.0,50.0,61.87,60.99,70.48,1.0,0.0,0.5,1.0,0.0,F1
66.98,50.0,50.0,64.06,61.89,71.13,1.0,0.0,0.5,1.0,0.0,F1
65.69,50.0,50.0,63.51,61.35,71.24,1.0,0.0,0.5,1.0,0.0,F1
65.23,50.0,50.0,61.83,60.81,70.89,1.0,0.0,0.5,1.0,0.0,F1
57.37,57.76,86.0,67.0,64.44,63.73,0.15,1.0,0.0,0.0,0.309245403,F2
54.51,55.03,86.0,65.67,64.76,64.34,0.15,1.0,0.0,0.0,0.314536458,F2
52.9,53.28,86.0,66.89,63.43,62.25,0.15,1.0,0.0,0.0,0.25068288,F2
52.39,52.56,86.0,67.62,63.82,62.55,0.15,1.0,0.0,0.0,0.219291695,F2
73.76,86.0,86.0,51.62,65.47,70.43,0.15,1.0,0.0,0.0,1.0,F2
63.85,63.97,86.0,63.47,65.88,66.86,0.15,1.0,0.0,0.0,0.388842107,F2
59.97,58.76,86.0,59.41,64.46,66.02,0.15,1.0,0.0,0.0,0.253991068,F2
54.89,54.75,86.0,66.52,65.13,64.13,0.15,1.0,0.0,0.0,0.286153157,F2
63.47,60.52,86.0,56.48,65.15,68.66,0.15,1.0,0.0,0.0,0.396768942,F2
60.94,60.32,86.0,56.0,63.62,66.47,0.15,1.0,0.0,0.0,0.395037004,F2
54.25,54.48,86.0,68.25,63.94,62.67,0.15,1.0,0.0,0.0,0.302494222,F2
61.11,60.82,86.0,56.0,63.69,66.56,0.15,1.0,0.0,0.0,0.376443815,F2
64.59,64.91,86.0,62.64,65.88,67.16,0.15,1.0,0.0,0.0,0.410612326,F2
67.72,86.0,86.0,51.07,62.63,64.81,0.15,1.0,0.0,0.0,1.0,F2
56.96,57.22,86.0,67.0,64.29,63.55,0.15,1.0,0.0,0.0,0.322234827,F2
62.64,62.53,86.0,64.67,65.58,66.28,0.15,1.0,0.0,0.0,0.340804812,F2
74.23,86.0,86.0,51.62,65.67,70.82,0.15,1.0,0.0,0.0,1.0,F2
74.48,86.0,86.0,52.62,66.73,72.07,0.15,1.0,0.0,0.0,1.0,F2
60.92,60.49,86.0,56.0,63.7,66.57,0.15,1.0,0.0,0.0,0.385514307,F2
52.37,51.84,86.0,66.64,64.34,63.13,0.15,1.0,0.0,0.0,0.180760649,F2
60.21,59.87,86.0,57.03,64.15,66.0,0.15,1.0,0.0,0.0,0.334205179,F2
52.93,51.73,86.0,67.71,64.34,62.91,0.15,1.0,0.0,0.0,0.128978463,F2
51.69,52.04,86.0,67.95,63.99,62.09,0.15,1.0,0.0,0.0,0.25977967,F2
52.67,53.42,86.0,66.89,63.55,62.28,0.15,1.0,0.0,0.0,0.279319838,F2
53.75,53.57,86.0,68.56,65.31,63.59,0.15,1.0,0.0,0.0,0.229554799,F2
52.11,52.5,86.0,67.95,63.87,62.29,0.15,1.0,0.0,0.0,0.238765421,F2
57.82,57.92,86.0,61.9,64.58,65.28,0.15,1.0,0.0,0.0,0.3257575,F2
75.53,86.0,86.0,52.22,66.49,71.87,0.15,1.0,0.0,0.0,1.0,F2
55.41,55.58,86.0,65.0,64.95,64.96,0.15,1.0,0.0,0.0,0.314730484,F2
51.23,51.07,86.0,67.71,64.19,62.74,0.15,1.0,0.0,0.0,0.195175409,F2
55.05,54.11,86.0,67.28,64.98,63.94,0.15,1.0,0.0,0.0,0.238188375,F2
59.08,59.85,86.0,65.28,65.39,65.38,0.15,1.0,0.0,0.0,0.354202004,F2
75.44,86.0,86.0,52.2,66.94,72.48,0.15,1.0,0.0,0.0,1.0,F2
74.63,86.0,86.0,51.62,65.84,71.04,0.15,1.0,0.0,0.0,1.0,F2
60.05,60.71,86.0,64.87,65.32,65.44,0.15,1.0,0.0,0.0,0.349296365,F2
73.01,86.0,86.0,51.07,63.72,67.88,0.15,1.0,0.0,0.0,1.0,F2
51.27,51.87,86.0,67.55,63.89,62.46,0.15,1.0,0.0,0.0,0.233332431,F2
53.65,53.18,86.0,66.89,63.74,62.58,0.15,1.0,0.0,0.0,0.222654797,F2
74.56,86.0,86.0,51.07,64.77,69.59,0.15,1.0,0.0,0.0,1.0,F2
55.03,55.66,86.0,67.0,63.97,63.07,0.15,1.0,0.0,0.0,0.327985823,F2
64.78,50.0,86.0,55.2,65.52,68.57,0.15,1.0,0.0,0.0,0.0,F3
63.71,50.69,86.0,52.98,63.95,66.95,0.15,1.0,0.0,0.0,0.0,F3
64.15,56.63,86.0,52.8,64.71,68.01,0.15,1.0,0.0,0.0,0.0,F3
72.17,72.31,86.0,49.26,66.28,71.47,0.15,1.0,0.0,0.0,0.344886196,F3
63.99,50.0,86.0,52.76,64.76,67.74,0.15,1.0,0.0,0.0,0.0,F3
64.5,50.0,86.0,53.7,64.79,68.12,0.15,1.0,0.0,0.0,0.0,F3
67.37,67.37,86.0,51.06,64.92,69.16,0.15,1.0,0.0,0.0,0.295757199,F3
69.91,70.03,86.0,49.62,65.75,70.61,0.15,1.0,0.0,0.0,0.340784187,F3
70.15,69.86,86.0,50.0,65.42,70.21,0.15,1.0,0.0,0.0,0.309958426,F3
64.1,50.0,86.0,52.56,64.38,67.69,0.15,1.0,0.0,0.0,0.0,F3
64.37,50.0,86.0,54.08,64.93,68.22,0.15,1.0,0.0,0.0,0.0,F3
64.4,50.0,86.0,54.45,64.99,68.17,0.15,1.0,0.0,0.0,0.0,F3
63.72,51.12,86.0,52.98,63.84,66.9,0.15,1.0,0.0,0.0,0.0,F3
72.55,72.94,86.0,49.22,66.33,71.69,0.15,1.0,0.0,0.0,0.345461623,F3
64.63,50.0,82.03,53.74,65.2,68.29,0.15,1.0,0.0,0.0,0.0,F3
71.87,71.4,86.0,49.26,66.12,71.14,0.15,1.0,0.0,0.0,0.312372221,F3
64.64,50.04,86.0,52.8,65.61,68.47,0.15,1.0,0.0,0.0,0.0,F3
64.54,50.0,86.0,54.45,65.03,68.15,0.15,1.0,0.0,0.0,0.0,F3
64.7,50.0,86.0,52.64,65.26,68.28,0.15,1.0,0.0,0.0,0.0,F3
65.37,50.0,72.93,56.12,66.01,68.98,0.15,1.0,0.0,0.0,0.0,F3
69.72,69.45,86.0,49.95,65.37,70.09,0.15,1.0,0.0,0.0,0.296816166,F3
64.77,50.0,86.0,53.48,65.19,68.41,0.15,1.0,0.0,0.0,0.0,F3
74.76,77.07,86.0,49.33,66.3,71.34,0.15,1.0,0.0,0.0,0.403423335,F3
63.79,50.0,86.0,51.85,64.2,67.34,0.15,1.0,0.0,0.0,0.0,F3
64.34,50.0,86.0,54.08,64.85,68.21,0.15,1.0,0.0,0.0,0.0,F3
65.04,50.0,79.43,55.71,65.99,68.79,0.15,1.0,0.0,0.0,0.0,F3
68.16,68.18,86.0,50.79,65.13,69.55,0.15,1.0,0.0,0.0,0.298594141,F3
64.1,50.0,86.0,52.56,64.48,67.73,0.15,1.0,0.0,0.0,0.0,F3
63.86,50.0,86.0,52.76,64.59,67.48,0.15,1.0,0.0,0.0,0.0,F3
64.04,50.0,86.0,52.45,64.19,67.59,0.15,1.0,0.0,0.0,0.0,F3
68.09,67.87,86.0,50.61,64.97,69.27,0.15,1.0,0.0,0.0,0.286667372,F3
63.24,55.45,86.0,52.44,63.43,66.54,0.15,1.0,0.0,0.0,0.0,F3
64.57,50.0,86.0,54.08,65.2,68.49,0.15,1.0,0.0,0.0,0.0,F3
64.51,50.0,86.0,54.45,65.05,68.16,0.15,1.0,0.0,0.0,0.0,F3
64.82,50.0,80.34,53.74,65.2,68.46,0.15,1.0,0.0,0.0,0.0,F3
70.96,70.45,86.0,49.62,65.83,70.91,0.15,1.0,0.0,0.0,0.286567235,F3
70.49,69.93,86.0,50.0,65.56,70.45,0.15,1.0,0.0,0.0,0.298032012,F3
65.42,50.0,72.87,56.12,66.06,69.02,0.15,1.0,0.0,0.0,0.0,F3
72.15,72.62,86.0,49.26,66.16,71.39,0.15,1.0,0.0,0.0,0.337441484,F3
64.97,50.0,77.33,54.64,65.66,68.65,0.15,1.0,0.0,0.0,0.0,F3
65.36,65.48,86.0,59.48,65.28,67.31,0.15,1.0,0.0,0.0,0.367402966,F4
76.62,86.0,86.0,53.08,67.63,72.61,0.15,1.0,0.0,0.0,1.0,F4
55.73,55.17,86.0,61.41,63.24,63.74,0.15,1.0,0.0,0.0,0.19128481,F4
71.54,86.0,86.0,53.28,63.36,66.02,0.15,1.0,0.0,0.0,1.0,F4
66.43,66.22,86.0,54.23,64.78,68.25,0.15,1.0,0.0,0.0,0.399174766,F4
66.55,66.48,86.0,53.96,64.92,68.6,0.15,1.0,0.0,0.0,0.391240398,F4
57.83,57.22,86.0,55.43,63.2,64.81,0.15,1.0,0.0,0.0,0.29727879,F4
66.32,66.51,86.0,54.32,65.33,68.57,0.15,1.0,0.0,0.0,0.382812297,F4
53.25,56.96,86.0,57.44,61.52,62.17,0.15,1.0,0.0,0.0,0.244930887,F4
60.81,60.42,86.0,56.57,63.66,65.63,0.15,1.0,0.0,0.0,0.278635716,F4
63.97,64.63,86.0,60.56,65.03,66.84,0.15,1.0,0.0,0.0,0.39188632,F4
57.2,57.13,86.0,55.43,63.4,65.06,0.15,1.0,0.0,0.0,0.314835273,F4
67.08,67.04,86.0,59.16,65.53,67.96,0.15,1.0,0.0,0.0,0.374054191,F4
68.88,68.15,86.0,53.48,65.59,69.69,0.15,1.0,0.0,0.0,0.416193462,F4
60.37,61.51,86.0,56.65,62.95,65.01,0.15,1.0,0.0,0.0,0.339628919,F4
64.1,64.45,86.0,60.56,65.04,66.86,0.15,1.0,0.0,0.0,0.372816655,F4
65.63,65.94,86.0,54.23,64.76,68.31,0.15,1.0,0.0,0.0,0.423687771,F4
68.34,68.01,86.0,53.46,65.39,69.32,0.15,1.0,0.0,0.0,0.403795981,F4
55.85,55.75,86.0,56.97,63.05,64.23,0.15,1.0,0.0,0.0,0.249199552,F4
61.37,62.49,86.0,56.26,63.32,65.26,0.15,1.0,0.0,0.0,0.368863191,F4
77.74,86.0,86.0,53.16,68.16,73.28,0.15,1.0,0.0,0.0,1.0,F4
54.42,55.06,86.0,60.47,62.82,63.32,0.15,1.0,0.0,0.0,0.285041684,F4
62.58,63.17,86.0,61.28,64.87,66.18,0.15,1.0,0.0,0.0,0.379065644,F4
55.57,55.16,86.0,59.66,63.3,64.02,0.15,1.0,0.0,0.0,0.242400366,F4
55.95,55.3,86.0,61.41,63.26,63.59,0.15,1.0,0.0,0.0,0.212029615,F4
67.9,67.84,86.0,53.48,65.48,69.54,0.15,1.0,0.0,0.0,0.446783244,F4
53.38,53.42,86.0,61.68,62.49,62.49,0.15,1.0,0.0,0.0,0.008718986,F4
60.43,60.43,86.0,58.69,63.77,64.9,0.15,1.0,0.0,0.0,0.320425453,F4
59.79,59.49,86.0,57.32,63.38,64.9,0.15,1.0,0.0,0.0,0.277410296,F4
77.06,75.01,86.0,53.11,68.75,74.15,0.15,1.0,0.0,0.0,0.855730863,F4
54.33,58.37,86.0,57.44,61.22,61.96,0.15,1.0,0.0,0.0,0.360013467,F4
76.71,86.0,86.0,53.08,67.68,72.66,0.15,1.0,0.0,0.0,1.0,F4
56.72,56.24,86.0,56.42,63.07,64.67,0.15,1.0,0.0,0.0,0.244590622,F4
76.6,85.0,86.0,53.14,68.41,73.76,0.15,1.0,0.0,0.0,1.0,F4
74.23,69.46,86.0,53.19,68.4,73.5,0.15,1.0,0.0,0.0,0.516024334,F4
53.83,52.39,86.0,62.21,62.87,63.07,0.15,1.0,0.0,0.0,0.000812994,F4
64.3,64.36,86.0,60.56,65.1,66.69,0.15,1.0,0.0,0.0,0.350067621,F4
72.43,67.96,86.0,53.36,67.48,72.3,0.15,1.0,0.0,0.0,0.454830573,F4
77.19,86.0,86.0,53.08,67.55,72.56,0.15,1.0,0.0,0.0,1.0,F4
78.25,86.0,86.0,53.27,68.59,73.97,0.15,1.0,0.0,0.0,1.0,F4
68.6,68.45,86.0,55.32,65.6,69.56,0.15,1.0,0.0,0.0,0.283583563,F5
61.33,50.0,59.35,58.84,58.85,68.2,1.0,0.0,0.5,0.249206965,0.0,F5
65.45,50.0,68.32,58.88,65.88,68.66,0.67709658,1.0,0.0,0.0,0.0,F5
72.04,86.0,86.0,52.87,60.91,64.08,0.15,1.0,0.0,0.0,1.0,F5
68.02,67.99,86.0,56.62,65.95,69.24,0.15,1.0,0.0,0.0,0.278775684,F5
68.96,68.78,86.0,53.87,65.08,69.9,0.15,1.0,0.0,0.0,0.301795673,F5
63.3,50.0,86.0,54.85,63.41,66.74,0.15,1.0,0.0,0.0,0.0,F5
70.01,69.36,86.0,52.95,64.65,70.18,0.15,1.0,0.0,0.0,0.332679866,F5
68.31,68.41,86.0,56.87,66.02,69.34,0.15,1.0,0.0,0.0,0.284426783,F5
62.83,50.0,62.63,58.87,58.73,67.71,1.0,0.0,0.5,0.151847212,0.0,F5
64.56,50.0,78.1,56.8,64.92,67.91,0.15,1.0,0.0,0.0,0.0,F5
67.91,68.09,86.0,56.62,65.87,69.23,0.15,1.0,0.0,0.0,0.284817499,F5
64.66,50.0,73.06,56.8,64.87,68.25,0.15,1.0,0.0,0.0,0.0,F5
64.36,50.0,84.34,56.93,64.76,67.7,0.15,1.0,0.0,0.0,0.0,F5
67.36,50.0,86.0,61.79,67.6,69.14,0.15,1.0,0.0,0.0,0.0,F5
66.5,63.22,86.0,59.8,66.73,68.38,0.15,1.0,0.0,0.0,0.0,F5
68.45,68.16,86.0,56.73,65.8,69.27,0.15,1.0,0.0,0.0,0.285690642,F5
64.55,50.0,79.46,56.8,65.02,67.89,0.15,1.0,0.0,0.0,0.0,F5
67.24,50.0,86.0,61.86,67.18,69.3,0.15,1.0,0.0,0.0,0.0,F5
68.41,68.22,86.0,56.74,66.02,69.35,0.15,1.0,0.0,0.0,0.291224749,F5
66.57,63.05,86.0,59.8,66.8,68.4,0.15,1.0,0.0,0.0,0.0,F5
65.01,50.0,70.42,58.88,65.22,68.47,0.15,1.0,0.0,0.0,0.0,F5
65.58,50.0,67.66,59.5,65.95,68.69,1.0,0.995031922,0.002484037,0.0,0.0,F5
65.51,50.0,67.2,59.5,64.25,68.62,1.0,0.718092696,0.140953662,0.0,0.0,F5
82.53,86.0,86.0,54.06,68.98,76.04,0.15,1.0,0.0,0.0,1.0,F5
61.84,50.0,59.34,59.24,58.25,68.58,1.0,0.0,0.5,0.235100405,0.0,F5
64.56,50.0,76.56,56.8,65.07,67.98,0.15,1.0,0.0,0.0,0.0,F5
70.08,69.47,86.0,52.95,64.91,70.19,0.15,1.0,0.0,0.0,0.328728008,F5
66.93,50.0,81.67,60.62,67.58,69.76,0.15,1.0,0.0,0.0,0.0,F5
68.44,68.32,86.0,57.15,65.98,69.41,0.15,1.0,0.0,0.0,0.289572834,F5
61.47,50.0,58.09,60.04,58.49,69.09,1.0,0.0,0.5,0.118085995,0.0,F5
68.35,67.97,86.0,56.82,65.72,69.46,0.15,1.0,0.0,0.0,0.266627639,F5
68.11,68.06,86.0,56.91,65.74,69.34,0.15,1.0,0.0,0.0,0.29088089,F5
70.26,69.34,86.0,52.93,64.99,70.5,0.15,1.0,0.0,0.0,0.303776669,F5
66.89,50.0,84.78,60.03,67.08,69.56,0.15,1.0,0.0,0.0,0.0,F5
67.99,67.7,86.0,57.15,65.9,69.26,0.15,1.0,0.0,0.0,0.292867545,F5
62.1,50.0,60.93,58.84,59.17,67.9,1.0,0.0,0.5,0.201772215,0.0,F5
61.75,50.0,60.88,58.84,58.66,67.85,1.0,0.0,0.5,0.238490452,0.0,F5
65.56,50.0,67.69,59.5,65.89,68.7,0.96197272,1.0,0.0,0.0,0.0,F5
71.56,70.49,86.0,53.02,65.89,71.71,0.15,1.0,0.0,0.0,0.37566254,F5
63.52,50.0,86.0,54.8,63.76,66.66,0.15,1.0,0.0,0.0,0.0,F6
65.64,50.0,86.0,57.24,65.69,68.52,0.15,1.0,0.0,0.0,0.0,F6
80.26,74.38,86.0,51.92,69.31,76.83,0.15,1.0,0.0,0.0,0.400262244,F6
66.67,66.4,86.0,56.21,65.24,68.96,0.15,1.0,0.0,0.0,0.256946651,F6
64.42,50.0,86.0,56.34,64.4,67.52,0.15,1.0,0.0,0.0,0.0,F6
70.29,71.0,86.0,52.62,65.4,70.27,0.15,1.0,0.0,0.0,0.336446476,F6
63.05,52.7,86.0,54.04,63.18,66.33,0.15,1.0,0.0,0.0,0.0,F6
65.54,50.0,86.0,57.24,65.51,68.55,0.15,1.0,0.0,0.0,0.0,F6
83.7,86.0,86.0,52.15,69.47,77.19,0.15,1.0,0.0,0.0,1.0,F6
71.79,69.85,86.0,52.32,65.95,71.54,0.15,1.0,0.0,0.0,0.353884134,F6
83.93,81.07,86.0,51.92,69.86,77.71,0.15,1.0,0.0,0.0,0.757964364,F6
66.04,50.0,86.0,58.63,66.17,68.43,0.15,1.0,0.0,0.0,0.0,F6
64.93,50.0,86.0,56.4,65.01,67.73,0.15,1.0,0.0,0.0,0.0,F6
64.36,50.0,86.0,55.42,64.4,67.45,0.15,1.0,0.0,0.0,0.0,F6
66.25,50.0,86.0,59.22,66.33,68.69,0.15,1.0,0.0,0.0,0.0,F6
66.36,50.0,86.0,59.22,66.58,68.82,0.15,1.0,0.0,0.0,0.0,F6
70.87,70.12,86.0,52.59,65.88,71.05,0.15,1.0,0.0,0.0,0.328345315,F6
83.88,83.06,86.0,52.15,69.62,77.51,0.15,1.0,0.0,0.0,0.922021111,F6
68.18,67.66,86.0,57.2,65.39,69.16,0.15,1.0,0.0,0.0,0.265563499,F6
70.4,70.38,86.0,52.66,65.52,70.32,0.15,1.0,0.0,0.0,0.320505782,F6
70.84,71.5,86.0,53.13,65.23,70.19,0.15,1.0,0.0,0.0,0.316499908,F6
67.72,67.34,86.0,56.21,65.35,69.14,0.15,1.0,0.0,0.0,0.247393474,F6
67.76,68.16,86.0,57.2,65.42,69.18,0.15,1.0,0.0,0.0,0.301419963,F6
63.41,50.0,86.0,54.46,63.77,66.7,0.15,1.0,0.0,0.0,0.0,F6
65.87,50.0,86.0,59.14,65.91,68.47,0.15,1.0,0.0,0.0,0.0,F6
64.99,50.0,86.0,56.58,65.07,67.84,0.15,1.0,0.0,0.0,0.0,F6
68.19,67.76,86.0,57.2,65.45,69.17,0.15,1.0,0.0,0.0,0.273017394,F6
62.95,64.51,86.0,54.81,63.0,66.01,0.15,1.0,0.0,0.0,0.004131823,F6
68.34,71.55,86.0,54.15,63.54,67.32,0.15,1.0,0.0,0.0,0.306674034,F6
66.46,65.79,86.0,56.21,65.28,68.58,0.15,1.0,0.0,0.0,0.213331427,F6
63.48,50.0,86.0,54.46,63.65,66.69,0.15,1.0,0.0,0.0,0.0,F6
65.21,63.77,86.0,56.22,65.11,68.09,0.15,1.0,0.0,0.0,0.134788716,F6
65.68,50.0,86.0,58.59,65.68,68.61,0.15,1.0,0.0,0.0,0.0,F6
64.14,50.0,86.0,55.3,64.25,67.11,0.15,1.0,0.0,0.0,0.0,F6
64.98,61.64,86.0,56.78,64.91,68.01,0.15,1.0,0.0,0.0,0.0,F6
63.42,50.0,86.0,54.46,63.62,66.66,0.15,1.0,0.0,0.0,0.0,F6
64.58,50.0,86.0,56.34,64.57,67.6,0.15,1.0,0.0,0.0,0.0,F6
63.49,50.0,86.0,54.42,63.65,66.69,0.15,1.0,0.0,0.0,0.0,F6
63.09,52.17,86.0,54.04,63.22,66.32,0.15,1.0,0.0,0.0,0.0,F6
63.17,50.24,86.0,54.04,63.38,66.49,0.15,1.0,0.0,0.0,0.0,F6
70.73,70.81,86.0,56.63,67.11,70.49,0.15,1.0,0.0,0.0,0.276670694,F7
80.15,79.16,86.0,51.86,69.5,75.46,0.15,1.0,0.0,0.0,0.399053471,F7
71.13,71.17,86.0,55.57,66.9,70.71,0.15,1.0,0.0,0.0,0.295793924,F7
75.29,86.0,86.0,52.16,63.61,67.05,0.15,1.0,0.0,0.0,0.873233492,F7
71.42,71.51,86.0,56.1,67.17,70.74,0.15,1.0,0.0,0.0,0.287598638,F7
70.8,70.79,86.0,55.27,66.8,70.5,0.15,1.0,0.0,0.0,0.274488897,F7
69.26,69.47,86.0,56.68,66.57,69.81,0.15,1.0,0.0,0.0,0.269941276,F7
70.56,70.62,86.0,56.12,66.62,70.54,0.15,1.0,0.0,0.0,0.290714998,F7
69.36,69.74,86.0,56.85,66.87,70.01,0.15,1.0,0.0,0.0,0.292266176,F7
80.36,79.53,86.0,51.86,69.55,75.55,0.15,1.0,0.0,0.0,0.39055691,F7
72.93,71.9,86.0,52.88,67.26,71.74,0.15,1.0,0.0,0.0,0.296747135,F7
69.97,69.63,86.0,56.16,67.01,70.32,0.15,1.0,0.0,0.0,0.258373228,F7
69.58,69.91,86.0,57.38,66.71,69.91,0.15,1.0,0.0,0.0,0.273581038,F7
69.21,69.44,86.0,56.55,66.52,69.74,0.15,1.0,0.0,0.0,0.254612615,F7
71.44,71.22,86.0,53.62,66.64,70.86,0.15,1.0,0.0,0.0,0.311936496,F7
70.79,71.11,86.0,55.76,66.96,70.6,0.15,1.0,0.0,0.0,0.296679413,F7
79.79,78.75,86.0,51.86,69.29,75.27,0.15,1.0,0.0,0.0,0.391145074,F7
70.66,70.56,86.0,55.44,66.86,70.47,0.15,1.0,0.0,0.0,0.274811468,F7
77.54,76.71,86.0,51.99,68.6,74.07,0.15,1.0,0.0,0.0,0.359646008,F7
70.75,70.93,86.0,54.43,66.65,70.5,0.15,1.0,0.0,0.0,0.287852621,F7
71.23,71.32,86.0,54.35,66.65,70.77,0.15,1.0,0.0,0.0,0.278470004,F7
70.73,70.89,86.0,57.08,66.98,70.55,0.15,1.0,0.0,0.0,0.292115182,F7
70.99,70.77,86.0,54.56,66.58,70.53,0.15,1.0,0.0,0.0,0.277301522,F7
71.74,72.1,86.0,56.1,67.17,70.84,0.15,1.0,0.0,0.0,0.29880007,F7
69.9,70.06,86.0,56.28,66.88,70.14,0.15,1.0,0.0,0.0,0.268562728,F7
81.63,86.0,86.0,52.16,67.65,73.18,0.15,1.0,0.0,0.0,0.599669207,F7
70.62,70.7,86.0,55.86,66.92,70.48,0.15,1.0,0.0,0.0,0.298769721,F7
70.93,70.76,86.0,54.43,66.61,70.51,0.15,1.0,0.0,0.0,0.285448952,F7
69.61,69.91,86.0,57.31,66.95,70.03,0.15,1.0,0.0,0.0,0.271573354,F7
69.75,69.86,86.0,56.16,66.91,70.23,0.15,1.0,0.0,0.0,0.2603168,F7
70.95,71.04,86.0,55.48,66.74,70.47,0.15,1.0,0.0,0.0,0.290897834,F7
71.34,71.18,86.0,53.62,66.6,70.78,0.15,1.0,0.0,0.0,0.294649975,F7
70.39,70.73,86.0,56.63,67.04,70.49,0.15,1.0,0.0,0.0,0.301416609,F7
71.8,71.46,86.0,54.35,66.72,70.79,0.15,1.0,0.0,0.0,0.264744071,F7
69.41,69.55,86.0,56.68,66.65,69.86,0.15,1.0,0.0,0.0,0.272445231,F7
70.38,70.23,86.0,55.01,66.55,70.34,0.15,1.0,0.0,0.0,0.287773901,F7
70.54,70.58,86.0,55.92,66.9,70.4,0.15,1.0,0.0,0.0,0.275858096,F7
70.35,70.53,86.0,56.64,66.86,70.24,0.15,1.0,0.0,0.0,0.276807594,F7
70.94,70.87,86.0,54.56,66.64,70.59,0.15,1.0,0.0,0.0,0.275309637,F7
83.3,82.85,86.0,51.89,70.25,76.68,0.15,1.0,0.0,0.0,0.457648652,F7
67.29,50.0,68.35,58.62,67.21,69.41,0.30773002,1.0,0.0,0.0,0.0,F8
67.99,50.0,68.95,60.04,67.35,69.79,0.15,1.0,0.0,0.0,0.0,F8
67.31,66.63,86.0,52.88,65.36,69.24,0.15,1.0,0.0,0.0,0.200179049,F8
68.09,50.0,69.51,60.04,67.42,69.88,0.15,1.0,0.0,0.0,0.0,F8
67.89,50.0,86.0,57.66,66.76,69.86,0.15,1.0,0.0,0.0,0.0,F8
63.64,50.0,61.48,60.05,59.32,68.75,1.0,0.0,0.5,0.259957584,0.0,F8
72.73,72.73,86.0,54.96,67.75,71.91,0.15,1.0,0.0,0.0,0.328006636,F8
67.24,50.0,70.45,58.62,66.76,69.16,0.15,1.0,0.0,0.0,0.0,F8
83.18,86.0,86.0,55.05,69.8,75.13,0.15,1.0,0.0,0.0,0.582229259,F8
68.57,50.0,84.59,57.92,67.51,70.66,0.15,1.0,0.0,0.0,0.0,F8
66.98,50.0,70.76,58.62,66.71,68.92,0.15,1.0,0.0,0.0,0.0,F8
68.41,50.0,86.0,56.59,67.12,70.45,0.15,1.0,0.0,0.0,0.0,F8
60.78,50.0,60.03,60.06,59.38,67.77,1.0,0.0,0.5,0.266046077,0.0,F8
66.75,65.15,86.0,53.17,65.27,69.01,0.15,1.0,0.0,0.0,0.088381574,F8
83.08,83.43,86.0,55.05,70.62,76.09,0.15,1.0,0.0,0.0,0.454577848,F8
67.99,50.0,86.0,57.66,66.91,70.08,0.15,1.0,0.0,0.0,0.0,F8
72.45,72.86,86.0,54.39,67.38,71.41,0.15,1.0,0.0,0.0,0.327792516,F8
68.46,67.97,86.0,52.35,65.67,69.62,0.15,1.0,0.0,0.0,0.248537524,F8
61.2,50.0,61.02,60.17,60.06,67.12,1.0,0.0,0.5,0.264267485,0.0,F8
62.42,50.0,59.6,59.17,59.08,69.49,1.0,0.0,0.5,0.261676315,0.0,F8
61.39,50.0,60.14,60.05,59.66,68.38,1.0,0.0,0.5,0.242522451,0.0,F8
60.89,50.0,60.8,60.06,59.68,67.56,1.0,0.0,0.5,0.20840493,0.0,F8
61.02,50.0,61.06,60.78,59.75,67.28,1.0,0.0,0.5,0.245826793,0.0,F8
64.93,50.0,70.47,59.39,65.67,67.74,0.42288946,1.0,0.0,0.0,0.0,F8
65.51,50.0,71.38,59.39,66.29,68.12,0.15,1.0,0.0,0.0,0.0,F8
61.05,50.0,61.03,60.56,60.04,67.32,1.0,0.0,0.5,0.23118495,0.0,F8
61.7,50.0,61.66,60.56,60.37,67.32,1.0,0.0,0.5,0.301006334,0.0,F8
61.72,50.0,60.34,60.05,59.84,68.5,1.0,0.0,0.5,0.242275224,0.0,F8
67.03,56.48,86.0,55.36,65.99,69.27,0.15,1.0,0.0,0.0,0.0,F8
66.75,61.37,86.0,54.89,65.6,69.08,0.15,1.0,0.0,0.0,0.0,F8
67.35,50.0,69.74,58.62,66.82,69.26,0.15,1.0,0.0,0.0,0.0,F8
62.96,50.0,58.03,59.38,59.63,70.8,1.0,0.0,0.5,0.284754222,0.0,F8
69.22,50.0,74.47,58.55,68.17,71.36,0.15,1.0,0.0,0.0,0.0,F8
60.64,50.0,60.53,59.65,59.11,67.78,1.0,0.0,0.5,0.239591249,0.0,F8
68.09,50.0,69.67,60.04,67.49,69.91,0.15,1.0,0.0,0.0,0.0,F8
67.46,50.0,69.38,59.7,67.07,69.49,0.15,1.0,0.0,0.0,0.0,F8
67.39,50.0,86.0,55.69,66.41,69.56,0.15,1.0,0.0,0.0,0.0,F8
60.68,50.0,60.97,60.17,60.41,67.17,1.0,0.0,0.5,0.221518601,0.0,F8
64.12,50.0,69.3,60.17,65.21,67.32,0.81543662,1.0,0.0,0.0,0.0,F8
67.13,50.0,86.0,57.22,66.1,68.93,0.15,1.0,0.0,0.0,0.0,F8
62.26,50.0,61.15,55.03,54.86,67.97,1.0,0.0,0.5,0.233504951,0.0,F9
69.6,50.0,86.0,50.35,65.7,70.69,0.15,1.0,0.0,0.0,0.0,F9
62.95,50.0,64.75,54.4,58.48,67.7,1.0,0.303661919,0.348169041,0.0,0.0,F9
64.46,50.0,68.05,53.51,63.74,68.21,0.802152398,1.0,0.0,0.0,0.0,F9
68.82,61.25,86.0,48.95,64.52,69.24,0.15,1.0,0.0,0.0,0.0,F9
65.2,50.0,66.58,54.24,61.25,68.29,1.0,0.390698628,0.304650688,0.0,0.0,F9
70.87,50.0,78.74,51.96,67.42,71.98,0.15,1.0,0.0,0.0,0.0,F9
70.77,50.0,81.57,52.1,67.12,71.86,0.15,1.0,0.0,0.0,0.0,F9
65.02,50.0,59.79,53.6,54.87,71.48,1.0,0.0,0.5,0.051778335,0.0,F9
66.54,50.0,68.58,53.83,64.95,69.29,0.739256562,1.0,0.0,0.0,0.0,F9
62.25,50.0,60.88,53.68,55.84,68.16,1.0,0.0,0.5,0.221765003,0.0,F9
69.28,57.78,86.0,48.98,64.9,69.65,0.15,1.0,0.0,0.0,0.0,F9
69.54,50.0,86.0,50.35,65.71,70.68,0.15,1.0,0.0,0.0,0.0,F9
65.21,50.0,67.38,54.33,63.7,68.46,0.964167116,0.993235815,0.003382091,0.0,0.0,F9
72.93,73.95,86.0,48.74,65.94,71.38,0.15,1.0,0.0,0.0,0.298581592,F9
68.78,61.76,86.0,48.95,64.53,69.2,0.15,1.0,0.0,0.0,0.0,F9
69.09,59.02,86.0,49.62,65.43,70.13,0.15,1.0,0.0,0.0,0.0,F9
66.57,50.0,67.51,53.83,64.68,69.31,1.0,0.904899877,0.047550052,0.0,0.0,F9
66.54,50.0,68.18,53.83,64.82,69.31,0.868808459,1.0,0.0,0.0,0.0,F9
70.4,50.0,66.21,51.82,67.6,72.39,0.823110406,1.0,0.0,0.0,0.0,F9
72.61,73.37,86.0,48.74,65.9,71.35,0.15,1.0,0.0,0.0,0.295904414,F9
63.02,50.0,60.66,53.91,54.96,68.83,1.0,0.0,0.5,0.175914828,0.0,F9
70.8,50.0,81.09,52.1,67.16,71.88,0.15,1.0,0.0,0.0,0.0,F9
68.67,65.42,86.0,48.77,64.96,69.78,0.15,1.0,0.0,0.0,0.0,F9
70.91,50.0,78.0,51.96,67.31,71.96,0.15,1.0,0.0,0.0,0.0,F9
62.45,50.0,61.55,55.03,55.08,67.8,1.0,0.0,0.5,0.188389111,0.0,F9
66.4,50.0,67.24,54.1,62.11,69.16,1.0,0.623014642,0.188492664,0.0,0.0,F9
70.33,50.0,85.79,50.34,66.58,71.63,0.15,1.0,0.0,0.0,0.0,F9
68.65,62.86,86.0,48.95,64.39,69.08,0.15,1.0,0.0,0.0,0.0,F9
69.56,50.0,86.0,50.35,65.77,70.74,0.15,1.0,0.0,0.0,0.0,F9
68.67,64.31,86.0,49.24,65.07,69.81,0.15,1.0,0.0,0.0,0.0,F9
61.81,50.0,60.9,54.56,55.92,68.05,1.0,0.0,0.5,0.247238912,0.0,F9
65.3,50.0,68.04,54.33,63.86,68.53,0.72655102,1.0,0.0,0.0,0.0,F9
63.05,50.0,62.73,54.8,55.77,67.84,1.0,0.0,0.5,0.112114629,0.0,F9
61.1,50.0,60.55,54.73,55.68,67.93,1.0,0.0,0.5,0.301110831,0.0,F9
66.95,50.0,70.06,53.87,65.98,69.3,0.227320325,1.0,0.0,0.0,0.0,F9
70.59,50.0,83.44,51.32,66.9,71.86,0.15,1.0,0.0,0.0,0.0,F9
70.71,70.14,86.0,48.68,65.43,70.73,0.15,1.0,0.0,0.0,0.204411663,F9
69.39,50.0,86.0,49.87,65.83,70.65,0.15,1.0,0.0,0.0,0.0,F9
66.57,50.0,67.57,53.83,64.67,69.29,1.0,0.877442854,0.061278581,0.0,0.0,F9
66.71,50.0,50.0,52.35,53.0,71.31,1.0,0.0,0.5,1.0,0.0,F10
66.89,50.0,54.45,50.09,50.87,70.17,1.0,0.0,0.5,1.0,0.0,F10
66.81,50.0,50.0,54.17,54.88,72.4,1.0,0.0,0.5,1.0,0.0,F10
68.63,50.0,53.09,50.78,52.59,71.01,1.0,0.0,0.5,1.0,0.0,F10
66.65,50.0,50.0,53.18,54.86,72.21,1.0,0.0,0.5,1.0,0.0,F10
67.7,50.0,50.0,53.43,55.06,72.29,1.0,0.0,0.5,1.0,0.0,F10
68.78,50.0,50.0,51.21,52.66,71.27,1.0,0.0,0.5,1.0,0.0,F10
67.52,50.0,50.0,52.86,54.0,71.64,1.0,0.0,0.5,1.0,0.0,F10
67.84,50.0,50.0,52.65,54.8,71.96,1.0,0.0,0.5,1.0,0.0,F10
67.95,50.0,50.0,53.18,54.82,72.39,1.0,0.0,0.5,1.0,0.0,F10
67.15,50.0,55.88,50.39,52.23,70.63,1.0,0.0,0.5,1.0,0.0,F10
68.77,50.0,50.0,53.38,54.13,72.41,1.0,0.0,0.5,1.0,0.0,F10
66.42,50.0,50.0,53.69,55.44,72.43,1.0,0.0,0.5,1.0,0.0,F10
68.16,50.0,50.0,50.33,51.45,71.0,1.0,0.0,0.5,1.0,0.0,F10
66.84,50.0,50.0,52.09,54.72,71.76,1.0,0.0,0.5,1.0,0.0,F10
68.48,50.0,50.0,54.35,55.37,72.26,1.0,0.0,0.5,1.0,0.0,F10
71.3,50.0,71.82,46.37,48.33,72.14,1.0,0.0,0.5,0.914378315,0.0,F10
68.95,50.0,50.0,51.85,52.5,71.35,1.0,0.0,0.5,1.0,0.0,F10
70.58,50.0,70.26,46.51,48.84,72.24,1.0,0.0,0.5,1.0,0.0,F10
68.73,50.0,50.0,53.53,54.66,72.26,1.0,0.0,0.5,1.0,0.0,F10
68.83,50.0,50.0,51.85,52.26,71.29,1.0,0.0,0.5,1.0,0.0,F10
67.62,50.0,71.64,46.85,49.72,70.96,1.0,0.0,0.5,0.308867138,0.0,F10
68.18,50.0,50.0,53.43,55.02,72.49,1.0,0.0,0.5,1.0,0.0,F10
68.99,50.0,50.0,50.33,51.8,70.98,1.0,0.0,0.5,1.0,0.0,F10
72.75,50.0,61.65,45.02,46.33,73.84,1.0,0.0,0.5,1.0,0.0,F10
66.44,50.0,50.0,52.09,54.12,71.83,1.0,0.0,0.5,1.0,0.0,F10
74.08,50.0,58.94,44.83,46.91,75.15,1.0,0.0,0.5,1.0,0.0,F10
66.93,50.0,50.0,52.24,52.5,71.34,1.0,0.0,0.5,1.0,0.0,F10
71.37,50.0,68.79,45.72,47.51,72.49,1.0,0.0,0.5,1.0,0.0,F10
72.7,50.0,61.84,45.02,46.28,73.8,1.0,0.0,0.5,1.0,0.0,F10
66.72,50.0,50.0,53.68,54.18,71.86,1.0,0.0,0.5,1.0,0.0,F10
67.53,50.0,50.0,52.24,54.46,71.75,1.0,0.0,0.5,1.0,0.0,F10
68.59,50.0,70.06,46.85,49.1,72.11,1.0,0.0,0.5,0.861788371,0.0,F10
67.08,50.0,50.0,52.65,53.79,71.99,1.0,0.0,0.5,1.0,0.0,F10
66.68,50.0,56.8,50.39,52.39,70.65,1.0,0.0,0.5,1.0,0.0,F10
69.17,50.0,71.51,47.59,50.1,71.11,1.0,0.0,0.5,0.286959656,0.0,F10
66.22,50.0,50.0,52.35,53.24,71.49,1.0,0.0,0.5,1.0,0.0,F10
67.54,50.0,50.0,52.24,53.14,71.84,1.0,0.0,0.5,1.0,0.0,F10
68.93,50.0,60.22,49.8,51.04,70.35,1.0,0.0,0.5,1.0,0.0,F10
67.01,50.0,55.97,50.39,52.14,70.62,1.0,0.0,0.5,1.0,0.0,F10
64.13,86.0,86.0,51.37,63.18,66.86,0.15,1.0,0.0,0.0,1.0,F11
63.43,86.0,86.0,49.45,62.4,66.26,0.15,1.0,0.0,0.0,1.0,F11
67.39,50.0,86.0,49.48,65.36,69.8,0.15,1.0,0.0,0.0,0.0,F11
63.53,86.0,86.0,49.45,62.6,66.31,0.15,1.0,0.0,0.0,1.0,F11
63.75,86.0,86.0,50.05,62.76,66.48,0.15,1.0,0.0,0.0,1.0,F11
68.15,50.0,86.0,49.53,65.78,70.33,0.15,1.0,0.0,0.0,0.0,F11
64.17,86.0,86.0,51.57,63.12,66.62,0.15,1.0,0.0,0.0,1.0,F11
63.72,86.0,86.0,50.72,62.78,66.37,0.15,1.0,0.0,0.0,1.0,F11
64.17,86.0,86.0,51.94,63.13,66.89,0.15,1.0,0.0,0.0,1.0,F11
64.18,86.0,86.0,51.94,63.13,66.87,0.15,1.0,0.0,0.0,1.0,F11
63.5,86.0,86.0,49.61,62.46,66.3,0.15,1.0,0.0,0.0,1.0,F11
63.98,86.0,86.0,51.58,62.92,66.33,0.15,1.0,0.0,0.0,1.0,F11
64.41,86.0,86.0,50.57,63.24,66.97,0.15,1.0,0.0,0.0,1.0,F11
63.21,86.0,86.0,48.33,62.15,66.2,0.15,1.0,0.0,0.0,1.0,F11
64.16,86.0,86.0,51.77,63.09,66.66,0.15,1.0,0.0,0.0,1.0,F11
64.02,86.0,86.0,49.78,62.79,66.74,0.15,1.0,0.0,0.0,1.0,F11
63.57,86.0,86.0,50.14,62.57,66.3,0.15,1.0,0.0,0.0,1.0,F11
64.16,86.0,86.0,51.57,63.16,66.6,0.15,1.0,0.0,0.0,1.0,F11
63.31,86.0,86.0,49.07,62.23,66.21,0.15,1.0,0.0,0.0,1.0,F11
63.45,86.0,86.0,49.61,62.4,66.28,0.15,1.0,0.0,0.0,1.0,F11
63.2,86.0,86.0,48.33,62.09,66.22,0.15,1.0,0.0,0.0,1.0,F11
63.77,86.0,86.0,50.03,62.65,66.5,0.15,1.0,0.0,0.0,1.0,F11
64.17,86.0,86.0,51.94,63.16,66.89,0.15,1.0,0.0,0.0,1.0,F11
63.55,86.0,86.0,49.45,62.69,66.35,0.15,1.0,0.0,0.0,1.0,F11
64.34,86.0,86.0,50.52,63.12,66.93,0.15,1.0,0.0,0.0,1.0,F11
63.26,86.0,86.0,48.33,62.16,66.24,0.15,1.0,0.0,0.0,1.0,F11
66.68,52.03,86.0,49.48,64.79,69.23,0.15,1.0,0.0,0.0,0.0,F11
64.11,86.0,86.0,51.64,63.05,66.47,0.15,1.0,0.0,0.0,1.0,F11
63.48,86.0,86.0,50.14,62.54,66.28,0.15,1.0,0.0,0.0,1.0,F11
66.16,55.16,86.0,49.45,64.43,68.79,0.15,1.0,0.0,0.0,0.0,F11
63.9,86.0,86.0,51.59,62.8,66.18,0.15,1.0,0.0,0.0,1.0,F11
63.49,86.0,86.0,49.45,62.59,66.28,0.15,1.0,0.0,0.0,1.0,F11
64.49,86.0,86.0,50.57,63.22,67.06,0.15,1.0,0.0,0.0,1.0,F11
64.04,86.0,86.0,51.65,63.13,66.62,0.15,1.0,0.0,0.0,1.0,F11
64.22,86.0,86.0,51.67,63.24,66.67,0.15,1.0,0.0,0.0,1.0,F11
63.27,86.0,86.0,48.62,62.14,66.25,0.15,1.0,0.0,0.0,1.0,F11
64.02,86.0,86.0,51.64,62.93,66.36,0.15,1.0,0.0,0.0,1.0,F11
63.29,86.0,86.0,48.7,62.3,66.2,0.15,1.0,0.0,0.0,1.0,F11
64.07,86.0,86.0,51.24,63.03,66.8,0.15,1.0,0.0,0.0,1.0,F11
66.3,54.23,86.0,49.45,64.57,68.9,0.15,1.0,0.0,0.0,0.0,F11
74.52,50.0,50.0,56.37,57.8,77.21,1.0,0.0,0.5,1.0,0.0,F12
78.13,50.0,50.0,48.72,49.61,76.22,1.0,0.0,0.5,1.0,0.0,F12
75.09,50.0,50.0,56.86,57.62,77.36,1.0,0.0,0.5,1.0,0.0,F12
76.25,50.0,50.0,53.37,54.86,76.23,1.0,0.0,0.5,1.0,0.0,F12
78.16,50.0,53.4,47.89,48.87,77.57,1.0,0.0,0.5,1.0,0.0,F12
75.3,50.0,50.0,56.04,57.3,76.89,1.0,0.0,0.5,1.0,0.0,F12
75.12,50.0,50.0,50.13,52.2,75.28,1.0,0.0,0.5,1.0,0.0,F12
75.99,50.0,50.0,55.77,58.09,77.06,1.0,0.0,0.5,1.0,0.0,F12
74.91,50.0,50.0,54.56,55.83,76.59,1.0,0.0,0.5,1.0,0.0,F12
75.35,50.0,50.0,56.86,56.99,77.44,1.0,0.0,0.5,1.0,0.0,F12
78.07,50.0,51.22,48.38,48.33,77.08,1.0,0.0,0.5,1.0,0.0,F12
75.34,50.0,50.0,56.81,57.88,77.34,1.0,0.0,0.5,1.0,0.0,F12
80.49,50.0,60.0,47.72,51.66,80.84,1.0,0.0,0.5,1.0,0.0,F12
75.1,50.0,50.0,56.03,57.85,77.26,1.0,0.0,0.5,1.0,0.0,F12
76.1,50.0,50.0,54.96,56.69,76.63,1.0,0.0,0.5,1.0,0.0,F12
75.05,50.0,50.0,55.28,56.97,76.74,1.0,0.0,0.5,1.0,0.0,F12
76.4,50.0,50.0,52.6,54.13,75.75,1.0,0.0,0.5,1.0,0.0,F12
76.88,50.0,50.0,50.57,50.9,76.63,1.0,0.0,0.5,1.0,0.0,F12
75.37,50.0,50.0,51.4,51.52,75.11,1.0,0.0,0.5,1.0,0.0,F12
75.49,50.0,50.0,52.21,53.01,75.24,1.0,0.0,0.5,1.0,0.0,F12
75.45,50.0,50.0,56.37,57.74,77.07,1.0,0.0,0.5,1.0,0.0,F12
78.05,50.0,50.0,48.38,48.56,76.76,1.0,0.0,0.5,1.0,0.0,F12
74.58,50.0,50.0,56.54,58.61,77.32,1.0,0.0,0.5,1.0,0.0,F12
74.58,50.0,50.0,54.75,55.15,76.44,1.0,0.0,0.5,1.0,0.0,F12
74.66,50.0,50.0,56.37,57.75,77.15,1.0,0.0,0.5,1.0,0.0,F12
76.3,50.0,50.0,52.2,53.87,75.73,1.0,0.0,0.5,1.0,0.0,F12
74.69,50.0,50.0,50.57,51.31,76.19,1.0,0.0,0.5,1.0,0.0,F12
75.98,50.0,50.0,51.4,52.06,75.24,1.0,0.0,0.5,1.0,0.0,F12
78.92,50.0,56.08,47.72,49.34,79.44,1.0,0.0,0.5,1.0,0.0,F12
74.59,50.0,50.0,55.44,57.37,76.75,1.0,0.0,0.5,1.0,0.0,F12
79.99,50.0,58.96,47.72,50.84,80.58,1.0,0.0,0.5,1.0,0.0,F12
75.9,50.0,50.0,56.87,58.7,77.17,1.0,0.0,0.5,1.0,0.0,F12
75.11,50.0,50.0,54.56,55.7,76.53,1.0,0.0,0.5,1.0,0.0,F12
78.04,50.0,50.0,48.36,49.22,76.21,1.0,0.0,0.5,1.0,0.0,F12
75.1,50.0,50.0,56.81,58.66,77.34,1.0,0.0,0.5,1.0,0.0,F12
76.27,50.0,50.0,52.59,54.07,75.64,1.0,0.0,0.5,1.0,0.0,F12
74.87,50.0,50.0,52.59,54.07,75.79,1.0,0.0,0.5,1.0,0.0,F12
76.4,50.0,50.0,52.59,54.06,75.77,1.0,0.0,0.5,1.0,0.0,F12
78.0,50.0,50.0,48.37,48.56,76.31,1.0,0.0,0.5,1.0,0.0,F12
74.72,50.0,50.0,54.75,55.07,76.48,1.0,0.0,0.5,1.0,0.0,F12
69.39,50.0,50.0,55.41,55.22,72.63,1.0,0.0,0.5,1.0,0.0,F13
71.14,50.0,50.0,51.69,52.49,72.45,1.0,0.0,0.5,1.0,0.0,F13
69.77,50.0,50.0,58.11,58.04,73.37,1.0,0.0,0.5,1.0,0.0,F13
71.39,50.0,50.0,55.37,55.27,72.51,1.0,0.0,0.5,1.0,0.0,F13
69.42,50.0,50.0,48.71,50.3,75.63,1.0,0.0,0.5,1.0,0.0,F13
70.24,50.0,50.0,51.04,52.0,72.74,1.0,0.0,0.5,1.0,0.0,F13
70.37,50.0,50.0,55.44,55.47,72.43,1.0,0.0,0.5,1.0,0.0,F13
71.46,50.0,50.0,55.77,55.85,72.83,1.0,0.0,0.5,1.0,0.0,F13
71.36,50.0,50.0,56.52,56.98,73.19,1.0,0.0,0.5,1.0,0.0,F13
69.77,50.0,50.0,55.45,55.77,73.5,1.0,0.0,0.5,1.0,0.0,F13
69.31,50.0,50.0,56.56,56.42,73.09,1.0,0.0,0.5,1.0,0.0,F13
70.38,50.0,50.0,58.02,57.87,73.29,1.0,0.0,0.5,1.0,0.0,F13
70.35,50.0,50.0,52.31,52.99,72.72,1.0,0.0,0.5,1.0,0.0,F13
70.73,50.0,50.0,50.12,51.19,72.79,1.0,0.0,0.5,1.0,0.0,F13
70.78,50.0,50.0,51.69,52.35,72.36,1.0,0.0,0.5,1.0,0.0,F13
71.31,50.0,50.0,54.76,52.87,72.47,1.0,0.0,0.5,1.0,0.0,F13
70.4,50.0,50.0,49.12,50.2,73.64,1.0,0.0,0.5,1.0,0.0,F13
69.4,50.0,50.0,55.97,56.11,72.82,1.0,0.0,0.5,1.0,0.0,F13
70.06,50.0,50.0,52.61,52.42,72.27,1.0,0.0,0.5,1.0,0.0,F13
70.89,50.0,50.0,55.37,55.05,72.62,1.0,0.0,0.5,1.0,0.0,F13
69.61,50.0,50.0,48.72,50.14,74.36,1.0,0.0,0.5,1.0,0.0,F13
71.42,50.0,50.0,52.31,52.6,72.65,1.0,0.0,0.5,1.0,0.0,F13
69.43,50.0,50.0,58.0,57.52,73.28,1.0,0.0,0.5,1.0,0.0,F13
71.01,50.0,50.0,55.8,55.52,73.2,1.0,0.0,0.5,1.0,0.0,F13
71.38,50.0,50.0,56.01,56.09,73.16,1.0,0.0,0.5,1.0,0.0,F13
69.27,50.0,50.0,57.47,57.02,73.27,1.0,0.0,0.5,1.0,0.0,F13
70.06,50.0,50.0,56.01,56.34,73.34,1.0,0.0,0.5,1.0,0.0,F13
72.28,50.0,50.0,48.79,50.19,76.42,1.0,0.0,0.5,1.0,0.0,F13
70.77,50.0,50.0,55.57,56.12,73.05,1.0,0.0,0.5,1.0,0.0,F13
70.56,50.0,50.0,55.45,55.5,73.14,1.0,0.0,0.5,1.0,0.0,F13
70.95,50.0,50.0,56.01,56.04,73.31,1.0,0.0,0.5,1.0,0.0,F13
70.02,50.0,50.0,58.02,57.51,73.41,1.0,0.0,0.5,1.0,0.0,F13
71.42,50.0,50.0,54.67,55.23,73.35,1.0,0.0,0.5,1.0,0.0,F13
70.7,50.0,50.0,56.96,56.79,73.18,1.0,0.0,0.5,1.0,0.0,F13
71.28,50.0,50.0,52.88,53.14,72.82,1.0,0.0,0.5,1.0,0.0,F13
71.51,50.0,50.0,56.01,56.14,73.21,1.0,0.0,0.5,1.0,0.0,F13
69.33,50.0,50.0,58.11,57.86,73.48,1.0,0.0,0.5,1.0,0.0,F13
70.67,50.0,50.0,51.04,51.87,72.36,1.0,0.0,0.5,1.0,0.0,F13
71.4,50.0,50.0,51.04,52.07,72.6,1.0,0.0,0.5,1.0,0.0,F13
71.17,50.0,50.0,52.31,52.66,72.68,1.0,0.0,0.5,1.0,0.0,F13
55.14,53.86,86.0,60.94,65.08,65.87,0.15,1.0,0.0,0.0,0.0,F14
73.55,86.0,86.0,49.89,63.63,67.99,0.15,1.0,0.0,0.0,1.0,F14
73.89,86.0,86.0,49.89,63.82,68.4,0.15,1.0,0.0,0.0,1.0,F14
58.69,55.75,86.0,64.17,66.13,66.05,0.15,1.0,0.0,0.0,0.0,F14
59.22,57.57,86.0,65.09,65.04,64.39,0.15,1.0,0.0,0.0,0.38355705,F14
62.4,57.43,86.0,65.09,66.08,65.97,0.15,1.0,0.0,0.0,0.38800446,F14
76.21,86.0,86.0,50.3,67.29,73.0,0.15,1.0,0.0,0.0,1.0,F14
64.88,62.13,86.0,69.48,66.78,65.62,0.15,1.0,0.0,0.0,0.475623156,F14
59.19,61.48,86.0,69.48,66.27,64.74,0.15,1.0,0.0,0.0,0.369197011,F14
55.12,60.8,86.0,61.92,64.36,64.62,0.15,1.0,0.0,0.0,0.365460467,F14
68.6,64.97,86.0,52.22,65.66,69.54,0.15,1.0,0.0,0.0,0.46975254,F14
55.09,55.78,86.0,64.4,64.61,63.61,0.15,1.0,0.0,0.0,0.315625726,F14
63.42,62.26,86.0,54.98,64.66,67.23,0.15,1.0,0.0,0.0,0.227134888,F14
60.9,59.59,86.0,59.94,64.54,65.47,0.15,1.0,0.0,0.0,0.47244427,F14
76.78,82.84,86.0,50.3,67.93,73.69,0.15,1.0,0.0,0.0,1.0,F14
75.78,86.0,86.0,49.97,66.15,71.72,0.15,1.0,0.0,0.0,1.0,F14
59.16,59.22,86.0,68.98,66.0,64.54,0.15,1.0,0.0,0.0,0.28751332,F14
58.55,60.38,86.0,69.38,66.29,64.78,0.15,1.0,0.0,0.0,0.41532475,F14
56.3,57.23,86.0,64.4,65.18,64.33,0.15,1.0,0.0,0.0,0.25716555,F14
58.18,59.71,86.0,69.48,66.22,64.73,0.15,1.0,0.0,0.0,0.31513838,F14
56.62,59.85,86.0,69.39,65.89,64.43,0.15,1.0,0.0,0.0,0.40568501,F14
75.9,86.0,86.0,50.14,66.84,72.53,0.15,1.0,0.0,0.0,1.0,F14
56.69,59.18,86.0,63.03,64.72,64.82,0.15,1.0,0.0,0.0,0.343329797,F14
65.85,60.18,86.0,57.49,64.88,66.83,0.15,1.0,0.0,0.0,0.428479,F14
77.05,86.0,86.0,49.97,66.94,72.77,0.15,1.0,0.0,0.0,1.0,F14
59.12,57.12,86.0,67.21,65.4,64.24,0.15,1.0,0.0,0.0,0.35668285,F14
63.71,64.68,86.0,55.79,65.39,68.0,0.15,1.0,0.0,0.0,0.56342003,F14
58.11,62.62,86.0,69.5,67.27,65.84,0.15,1.0,0.0,0.0,0.360696788,F14
56.75,56.95,86.0,69.41,65.78,64.29,0.15,1.0,0.0,0.0,0.23632873,F14
57.08,58.98,86.0,62.28,64.61,64.48,0.15,1.0,0.0,0.0,0.32976917,F14
57.85,59.71,86.0,69.48,66.29,64.76,0.15,1.0,0.0,0.0,0.314915272,F14
53.23,52.58,86.0,66.37,64.53,63.27,0.15,1.0,0.0,0.0,0.0,F14
58.48,57.63,86.0,68.98,65.12,63.14,0.15,1.0,0.0,0.0,0.43598358,F14
56.8,58.79,86.0,63.84,65.24,65.19,0.15,1.0,0.0,0.0,0.286879356,F14
76.09,86.0,86.0,50.3,67.21,72.98,0.15,1.0,0.0,0.0,1.0,F14
58.43,61.48,86.0,69.48,66.24,64.66,0.15,1.0,0.0,0.0,0.34698769,F14
75.92,86.0,86.0,49.97,66.23,71.77,0.15,1.0,0.0,0.0,1.0,F14
71.95,64.68,86.0,55.79,66.52,69.59,0.15,1.0,0.0,0.0,0.549982055,F14
55.86,56.77,86.0,67.8,65.17,63.72,0.15,1.0,0.0,0.0,0.20891815,F14
61.38,66.24,86.0,68.34,67.66,66.67,0.15,1.0,0.0,0.0,0.546667961,F14
59.27,50.0,62.77,67.86,67.24,68.23,1.0,0.51695763,0.24152119,0.0,0.0,Normal
61.1,50.0,63.96,70.65,68.0,69.06,1.0,0.0,0.5,0.11672549,0.0,Normal
68.39,69.84,86.0,59.2,67.7,67.84,0.0,1.0,0.0,0.0,0.0,Normal
69.3,61.3,86.0,62.57,68.55,70.05,0.15,1.0,0.0,0.0,0.0,Normal
67.4,50.0,61.51,68.04,64.96,68.79,1.0,0.0,0.5,0.51578243,0.0,Normal
66.64,50.0,62.64,69.79,67.74,69.35,1.0,0.0,0.5,0.83088287,0.0,Normal
65.88,50.0,62.94,67.47,65.79,68.83,1.0,0.0,0.5,0.53085835,0.0,Normal
69.58,50.0,70.42,64.54,67.77,70.91,1.0,0.44265591,0.27867205,0.0,0.0,Normal
69.61,52.73,86.0,62.74,68.85,70.59,0.15,1.0,0.0,0.0,0.0,Normal
69.49,56.85,86.0,62.74,68.61,70.35,0.15,1.0,0.0,0.0,0.0,Normal
57.95,50.0,62.71,70.11,68.43,68.59,1.0,0.09151118,0.45424442,0.0,0.0,Normal
71.18,71.55,86.0,60.69,68.63,71.02,0.15,1.0,0.0,0.0,0.26710392,Normal
64.81,50.0,65.65,69.41,68.37,68.54,1.0,0.50757034,0.24621483,0.0,0.0,Normal
68.48,50.0,66.31,69.41,66.92,69.38,1.0,0.0,0.5,0.325798364,0.0,Normal
59.8,50.0,62.0,67.82,66.88,68.52,1.0,0.0,0.5,0.23772945,0.0,Normal
64.0,50.0,64.17,69.27,66.87,68.23,1.0,0.23115557,0.38442223,0.0,0.0,Normal
66.75,50.0,63.96,70.38,68.33,68.27,1.0,0.0,0.5,0.322328487,0.0,Normal
69.49,55.0,86.0,62.74,68.59,70.42,0.15,1.0,0.0,0.0,0.0,Normal
67.1,50.0,63.31,69.53,68.0,68.52,1.0,0.0,0.5,0.72850372,0.0,Normal
70.34,50.0,72.7,65.9,70.32,71.23,0.65619781,1.0,0.0,0.0,0.0,Normal
69.63,50.0,70.42,64.54,67.74,70.94,1.0,0.44265591,0.27867205,0.0,0.0,Normal
70.19,69.69,86.0,61.44,68.09,70.27,0.15,1.0,0.0,0.0,0.23552168,Normal
75.97,75.25,86.0,60.32,69.58,73.08,0.15,1.0,0.0,0.0,0.167548926,Normal
71.79,50.0,80.41,65.62,71.29,72.72,0.15,1.0,0.0,0.0,0.0,Normal
66.23,50.0,65.97,66.62,64.82,69.65,1.0,0.023417236,0.488291393,0.034481521,0.0,Normal
69.37,59.96,86.0,62.57,68.61,70.16,0.15,1.0,0.0,0.0,0.0,Normal
62.27,50.0,63.4,68.01,65.94,69.74,1.0,0.000202634,0.499898683,0.307876371,0.0,Normal
58.43,50.0,59.65,67.82,65.68,68.66,1.0,0.0,0.5,0.12003928,0.0,Normal
65.94,50.0,64.4,71.18,69.48,68.81,1.0,0.0,0.5,0.5328717,0.0,Normal
70.23,50.0,72.08,65.9,70.04,71.2,0.969339138,0.979202151,0.010398918,0.0,0.0,Normal
66.34,50.0,63.92,71.18,68.13,68.91,1.0,0.0,0.5,0.248481038,0.0,Normal
58.71,50.0,62.31,68.68,66.94,68.52,1.0,0.13425288,0.43287357,0.0,0.0,Normal
70.28,70.08,86.0,60.96,68.36,70.41,0.15,1.0,0.0,0.0,0.26331177,Normal
62.98,50.0,61.77,67.63,66.48,70.27,1.0,0.0,0.5,0.198009443,0.0,Normal
72.03,50.0,79.17,66.7,71.66,72.89,0.15,1.0,0.0,0.0,0.0,Normal
70.79,50.0,86.0,64.93,70.25,71.73,0.15,1.0,0.0,0.0,0.0,Normal
70.2,50.0,71.5,65.61,69.5,71.17,1.0,0.886586603,0.055755675,0.0,0.0,Normal
75.12,77.93,86.0,59.74,68.65,71.94,0.15,1.0,0.0,0.0,0.53274715,Normal
58.25,50.0,62.39,70.38,67.45,68.47,1.0,0.0,0.5,0.07839942,0.0,Normal
72.27,50.0,76.34,66.7,71.81,73.18,0.15,1.0,0.0,0.0,0.0,Normal
