Supply Air Temperature,Supply Air Temperature Heating Set Point,Supply Air Temperature Cooling Set Point,Outdoor Air Temperature,Mixed Air Temperature,Return Air Temperature,Supply Air Fan Speed Control Signal,Outdoor Air Damper Control Signal,Return Air Damper Control Signal,Exhaust Air Damper Control Signal,Cooling Coil Valve Control Signal,Heating Coil Valve Control Signal,fault type
54.81,53.04,55.04,72.08,72.26,68.03,0.44,0.11,1.0,0.1,0.4,0.0,Normal
72.22,70.44,72.5,62.62,74.84,73.44,0.1,0.15,1.0,0.1,0.0,0.1,Normal
54.4,53.04,55.04,71.02,70.29,70.45,0.34,1.0,0.0,0.9,0.34,0.0,Normal
56.94,53.04,56.52,65.97,66.28,70.43,0.42,1.0,0.0,0.9,0.33,0.0,Normal
56.81,53.04,56.04,65.65,66.22,70.59,0.42,1.0,0.0,0.9,0.33,0.0,Normal
72.35,68.86,72.5,56.19,77.9,76.11,0.1,0.16,0.98,0.11,0.0,0.0,Normal
56.61,53.04,57.2,65.23,65.74,70.52,0.47,1.0,0.0,0.9,0.3,0.0,Normal
55.57,53.04,55.04,72.51,72.64,68.64,0.42,0.11,1.0,0.1,0.44,0.0,Normal
57.19,53.04,58.0,69.39,69.25,71.06,0.27,1.0,0.0,0.9,0.26,0.0,Normal
55.58,53.04,55.04,72.05,73.11,69.25,0.43,0.11,1.0,0.1,0.4,0.0,Normal
57.66,53.04,55.41,69.13,68.85,72.43,0.36,1.0,0.0,0.9,0.34,0.0,Normal
72.44,72.5,72.5,53.68,73.56,71.77,0.1,0.15,1.0,0.1,0.0,0.23,Normal
72.58,72.5,72.5,59.16,74.13,72.05,0.1,0.15,1.0,0.1,0.0,0.22,Normal
63.55,53.04,72.5,62.01,62.85,72.26,0.49,1.0,0.0,0.9,0.0,0.0,Normal
72.27,72.5,72.5,53.91,73.34,71.76,0.1,0.15,1.0,0.1,0.0,0.24,Normal
72.44,72.5,72.5,59.31,74.13,72.05,0.1,0.15,1.0,0.1,0.0,0.23,Normal
56.03,53.04,55.04,69.76,69.65,71.7,0.39,1.0,0.0,0.9,0.37,0.0,Normal
64.29,53.04,64.87,68.76,68.67,69.79,0.27,1.0,0.0,0.9,0.23,0.0,Normal
56.59,53.04,57.0,69.63,69.38,71.35,0.27,1.0,0.0,0.9,0.3,0.0,Normal
54.22,53.04,55.04,71.86,71.14,70.93,0.3,1.0,0.0,0.9,0.31,0.0,Normal
61.37,53.04,72.5,58.33,60.33,73.44,0.35,1.0,0.0,0.9,0.0,0.0,Normal
61.56,53.04,72.5,58.05,60.04,73.91,0.34,1.0,0.0,0.9,0.0,0.0,Normal
66.86,53.04,68.98,68.48,68.35,70.55,0.31,1.0,0.0,0.9,0.14,0.0,Normal
63.01,53.04,72.5,60.72,61.91,72.53,0.43,1.0,0.0,0.9,0.0,0.0,Normal
55.73,53.04,55.04,71.61,70.72,71.5,0.38,1.0,0.0,0.9,0.37,0.0,Normal
57.11,53.04,56.93,64.4,65.33,70.39,0.48,1.0,0.0,0.9,0.31,0.0,Normal
61.58,53.04,61.45,66.55,66.59,71.58,0.42,1.0,0.0,0.9,0.29,0.0,Normal
59.93,53.04,60.85,65.91,66.31,71.23,0.42,1.0,0.0,0.9,0.24,0.0,Normal
55.41,53.04,55.04,73.73,72.82,68.44,0.44,0.11,1.0,0.1,0.41,0.0,Normal
63.39,53.04,72.5,60.97,62.35,69.97,0.21,1.0,0.0,0.9,0.0,0.0,Normal
61.19,53.04,61.95,65.77,66.33,71.81,0.42,1.0,0.0,0.9,0.22,0.0,Normal
55.93,53.04,55.04,71.66,73.34,69.73,0.42,0.11,1.0,0.1,0.41,0.0,Normal
56.53,53.04,55.04,69.71,69.51,71.82,0.36,1.0,0.0,0.9,0.37,0.0,Normal
54.79,53.04,55.04,72.56,72.21,67.8,0.45,0.11,1.0,0.1,0.4,0.0,Normal
56.89,53.04,56.3,66.2,66.09,70.62,0.45,1.0,0.0,0.9,0.34,0.0,Normal
56.11,53.04,55.04,70.77,70.35,71.42,0.4,1.0,0.0,0.9,0.39,0.0,Normal
55.71,53.04,55.04,71.98,73.13,69.29,0.43,0.11,1.0,0.1,0.4,0.0,Normal
72.42,72.5,72.5,53.69,73.54,71.78,0.1,0.15,1.0,0.1,0.0,0.23,Normal
61.68,53.04,72.5,58.82,60.44,73.06,0.38,1.0,0.0,0.9,0.0,0.0,Normal
63.19,53.04,72.5,60.16,62.21,70.73,0.13,1.0,0.0,0.9,0.0,0.0,Normal
61.4,53.04,61.23,65.53,66.25,71.46,0.41,1.0,0.0,0.9,0.28,0.0,Normal
63.49,53.04,72.5,61.9,62.89,69.58,0.28,1.0,0.0,0.9,0.0,0.0,Normal
72.21,72.5,72.5,59.54,73.85,72.05,0.1,0.15,1.0,0.1,0.0,0.25,Normal
71.3,54.1,72.5,63.54,66.33,76.03,0.1,1.0,0.0,0.9,0.0,0.0,Normal
56.82,53.04,55.04,66.21,66.47,71.3,0.47,1.0,0.0,0.9,0.33,0.0,Normal
55.52,53.04,55.04,73.32,73.05,68.9,0.42,0.11,1.0,0.1,0.4,0.0,Normal
56.86,53.04,55.04,68.34,68.55,72.02,0.38,1.0,0.0,0.9,0.35,0.0,Normal
65.66,53.04,67.56,68.57,68.49,70.28,0.3,1.0,0.0,0.9,0.16,0.0,Normal
67.9,53.04,69.96,67.81,67.98,70.83,0.34,1.0,0.0,0.9,0.1,0.0,Normal
54.79,53.04,55.04,70.39,69.68,68.24,0.4,1.0,0.0,0.9,0.39,0.0,Normal
54.19,53.04,55.04,71.26,70.41,70.51,0.32,1.0,0.0,0.9,0.33,0.0,Normal
55.86,53.04,55.04,72.34,72.3,68.05,0.46,0.11,1.0,0.1,0.45,0.0,Normal
57.59,53.04,57.36,65.78,66.25,70.57,0.4,1.0,0.0,0.9,0.33,0.0,Normal
72.83,72.5,72.5,55.11,74.29,72.75,0.1,0.15,1.0,0.1,0.0,0.21,Normal
72.6,72.5,72.5,59.09,74.5,72.05,0.1,0.15,1.0,0.1,0.0,0.23,Normal
54.55,53.04,55.04,70.42,70.2,71.13,0.31,1.0,0.0,0.9,0.33,0.0,Normal
57.88,53.04,58.42,65.53,65.64,70.51,0.44,1.0,0.0,0.9,0.29,0.0,Normal
56.98,53.04,56.15,64.96,65.72,70.61,0.47,1.0,0.0,0.9,0.35,0.0,Normal
61.06,53.04,61.75,65.97,66.41,71.78,0.43,1.0,0.0,0.9,0.24,0.0,Normal
54.05,53.04,55.04,70.07,69.56,69.96,0.35,1.0,0.0,0.9,0.33,0.0,Normal
67.7,53.04,68.9,66.51,67.22,73.66,0.46,1.0,0.0,0.9,0.0,0.0,Normal
64.59,53.04,66.63,63.7,64.39,71.44,0.49,1.0,0.0,0.9,0.12,0.0,Normal
67.87,53.04,69.94,67.9,68.05,70.81,0.33,1.0,0.0,0.9,0.11,0.0,Normal
56.52,53.04,55.04,68.68,68.55,71.75,0.36,1.0,0.0,0.9,0.35,0.0,Normal
68.81,53.04,72.5,56.33,60.08,77.08,0.27,1.0,0.0,0.9,0.0,0.0,Normal
55.72,53.04,55.04,72.71,72.71,68.45,0.45,0.11,1.0,0.1,0.42,0.0,Normal
55.79,53.04,55.04,70.83,70.22,71.58,0.38,1.0,0.0,0.9,0.37,0.0,Normal
72.14,70.12,72.5,62.65,74.94,73.48,0.1,0.15,1.0,0.1,0.0,0.09,Normal
64.11,53.04,65.55,63.86,64.59,71.38,0.48,1.0,0.0,0.9,0.16,0.0,Normal
62.09,53.04,72.5,59.52,61.05,72.99,0.41,1.0,0.0,0.9,0.0,0.0,Normal
63.74,53.04,65.29,63.97,64.62,71.33,0.49,1.0,0.0,0.9,0.18,0.0,Normal
59.89,53.04,56.65,63.79,64.78,72.59,0.5,1.0,0.0,0.9,0.25,0.0,Normal
56.03,53.04,55.04,70.64,70.34,71.56,0.38,1.0,0.0,0.9,0.38,0.0,Normal
57.07,53.04,56.61,64.71,65.19,70.54,0.49,1.0,0.0,0.9,0.35,0.0,Normal
55.74,53.04,55.04,70.88,70.69,71.45,0.39,1.0,0.0,0.9,0.37,0.0,Normal
64.92,53.04,67.85,62.79,63.67,71.52,0.5,1.0,0.0,0.9,0.06,0.0,Normal
67.86,53.04,66.11,66.33,66.85,73.69,0.49,1.0,0.0,0.9,0.1,0.0,Normal
61.94,53.04,58.76,66.79,67.43,73.41,0.47,1.0,0.0,0.9,0.23,0.0,Normal
56.23,53.04,55.04,73.58,72.84,68.49,0.45,0.11,1.0,0.1,0.45,0.0,Normal
61.43,53.04,72.5,58.42,60.13,73.36,0.35,1.0,0.0,0.9,0.0,0.0,Normal
57.93,53.04,58.5,65.05,65.47,70.52,0.46,1.0,0.0,0.9,0.28,0.0,Normal
69.98,53.04,72.5,56.63,60.41,76.97,0.24,1.0,0.0,0.9,0.0,0.0,Normal
72.27,72.5,72.5,59.5,73.87,72.05,0.1,0.15,1.0,0.1,0.0,0.25,Normal
72.3,72.5,72.5,53.8,73.42,71.77,0.1,0.15,1.0,0.1,0.0,0.24,Normal
72.59,72.5,72.5,59.04,74.16,72.04,0.1,0.15,1.0,0.1,0.0,0.22,Normal
54.63,53.04,55.04,73.73,72.5,67.97,0.46,0.1,1.0,0.1,0.39,0.0,Normal
63.08,53.04,72.5,60.44,61.82,72.51,0.43,1.0,0.0,0.9,0.0,0.0,Normal
67.77,53.04,68.65,66.82,67.09,73.67,0.48,1.0,0.0,0.9,0.0,0.0,Normal
55.09,53.04,55.04,73.42,72.51,67.99,0.45,0.11,1.0,0.1,0.41,0.0,Normal
57.83,53.04,55.05,66.64,66.61,71.58,0.43,1.0,0.0,0.9,0.33,0.0,Normal
65.18,53.04,60.95,63.36,64.4,73.03,0.5,1.0,0.0,0.9,0.23,0.0,Normal
67.56,53.04,70.18,66.61,66.94,73.6,0.48,1.0,0.0,0.9,0.0,0.0,Normal
62.78,53.04,72.5,60.21,61.78,72.75,0.45,1.0,0.0,0.9,0.0,0.0,Normal
65.18,53.04,61.74,63.52,64.07,72.97,0.5,1.0,0.0,0.9,0.18,0.0,Normal
58.02,53.04,58.65,64.89,65.56,70.51,0.44,1.0,0.0,0.9,0.29,0.0,Normal
72.19,72.5,72.5,59.68,73.94,72.05,0.1,0.15,1.0,0.1,0.0,0.25,Normal
65.01,53.04,62.91,63.68,64.52,72.9,0.5,1.0,0.0,0.9,0.11,0.0,Normal
55.41,53.04,55.04,72.62,72.73,68.46,0.45,0.11,1.0,0.1,0.41,0.0,Normal
58.03,53.04,58.68,65.24,65.7,70.57,0.43,1.0,0.0,0.9,0.28,0.0,Normal
56.41,53.04,55.04,73.3,72.78,68.45,0.46,0.1,1.0,0.1,0.48,0.0,Normal
56.82,53.04,55.78,65.04,65.38,70.55,0.47,1.0,0.0,0.9,0.34,0.0,Normal
55.26,53.04,55.04,72.72,73.13,69.23,0.42,0.11,1.0,0.1,0.39,0.0,Normal
55.42,53.04,55.04,72.14,73.08,69.12,0.43,0.11,1.0,0.1,0.39,0.0,Normal
72.81,72.5,72.5,55.15,74.34,72.79,0.1,0.15,1.0,0.1,0.0,0.21,Normal
67.42,53.04,71.37,65.97,66.7,73.63,0.48,1.0,0.0,0.9,0.0,0.0,Normal
62.8,53.04,59.2,66.85,67.32,72.98,0.43,1.0,0.0,0.9,0.31,0.0,Normal
57.2,53.04,55.04,66.0,65.96,70.86,0.45,1.0,0.0,0.9,0.37,0.0,Normal
56.97,53.04,57.29,69.52,69.39,71.46,0.27,1.0,0.0,0.9,0.3,0.0,Normal
55.6,53.04,55.04,74.3,73.03,68.56,0.43,0.11,1.0,0.1,0.41,0.0,Normal
72.34,72.5,72.5,59.48,73.98,72.07,0.1,0.15,1.0,0.1,0.0,0.24,Normal
62.57,53.04,63.94,69.23,68.97,69.75,0.26,1.0,0.0,0.9,0.2,0.0,Normal
62.67,53.04,64.01,64.03,64.99,71.37,0.45,1.0,0.0,0.9,0.19,0.0,Normal
58.25,53.04,55.89,67.82,68.31,72.64,0.39,1.0,0.0,0.9,0.32,0.0,Normal
59.52,53.04,55.82,66.42,66.35,71.83,0.46,1.0,0.0,0.9,0.34,0.0,Normal
56.71,53.04,56.97,65.59,65.71,70.45,0.47,1.0,0.0,0.9,0.29,0.0,Normal
54.61,53.04,55.04,72.71,72.29,67.98,0.45,0.11,1.0,0.1,0.4,0.0,Normal
68.0,53.04,72.5,64.42,65.24,76.5,0.36,1.0,0.0,0.9,0.0,0.0,Normal
62.11,53.04,72.5,60.08,61.36,72.93,0.42,1.0,0.0,0.9,0.0,0.0,Normal
56.83,53.04,57.38,69.52,69.39,71.41,0.27,1.0,0.0,0.9,0.29,0.0,Normal
54.12,53.04,55.04,70.91,70.32,69.59,0.36,1.0,0.0,0.9,0.35,0.0,Normal
54.1,53.04,55.04,70.53,70.06,69.56,0.38,1.0,0.0,0.9,0.35,0.0,Normal
60.86,53.04,61.24,66.04,66.38,71.31,0.41,1.0,0.0,0.9,0.26,0.0,Normal
56.61,53.04,55.3,65.92,65.97,70.7,0.46,1.0,0.0,0.9,0.35,0.0,Normal
71.53,63.22,72.5,63.37,75.24,75.86,0.1,0.6,0.47,0.52,0.0,0.0,Normal
64.79,53.04,67.0,63.64,64.26,71.47,0.5,1.0,0.0,0.9,0.12,0.0,Normal
58.19,53.04,55.67,68.36,68.44,72.51,0.37,1.0,0.0,0.9,0.33,0.0,Normal
72.3,72.5,72.5,59.47,73.62,72.06,0.1,0.15,1.0,0.1,0.0,0.24,Normal
71.6,54.51,72.5,56.54,63.6,76.94,0.1,1.0,0.0,0.9,0.0,0.0,Normal
61.6,53.04,72.5,57.66,59.67,74.14,0.33,1.0,0.0,0.9,0.0,0.0,Normal
72.01,69.36,72.5,62.72,74.89,73.55,0.1,0.15,1.0,0.1,0.0,0.06,Normal
71.94,62.32,72.5,56.46,72.9,77.6,0.1,0.68,0.37,0.6,0.0,0.0,Normal
72.81,72.5,72.5,61.5,74.7,72.88,0.1,0.15,1.0,0.1,0.0,0.21,Normal
72.22,72.5,72.5,53.9,73.51,71.78,0.1,0.15,1.0,0.1,0.0,0.25,Normal
72.75,72.5,72.5,55.73,75.34,73.57,0.1,0.15,1.0,0.1,0.0,0.21,Normal
54.56,53.04,55.04,70.54,69.82,68.32,0.39,1.0,0.0,0.9,0.38,0.0,Normal
55.89,53.04,55.04,70.19,69.9,71.88,0.38,1.0,0.0,0.9,0.35,0.0,Normal
72.78,72.5,72.5,55.21,74.49,72.85,0.1,0.15,1.0,0.1,0.0,0.21,Normal
72.36,72.5,72.5,53.76,73.58,71.77,0.1,0.15,1.0,0.1,0.0,0.23,Normal
63.23,53.04,72.5,60.19,62.2,70.58,0.15,1.0,0.0,0.9,0.0,0.0,Normal
57.94,53.04,58.53,66.62,66.72,71.12,0.41,1.0,0.0,0.9,0.27,0.0,Normal
63.28,53.04,72.5,60.31,62.18,70.36,0.17,1.0,0.0,0.9,0.0,0.0,Normal
64.34,53.04,72.5,57.0,59.6,76.36,0.34,1.0,0.0,0.9,0.0,0.0,Normal
72.51,72.5,72.5,54.35,73.87,71.96,0.1,0.15,1.0,0.1,0.0,0.24,Normal
55.5,53.04,55.04,73.29,72.78,68.42,0.45,0.11,1.0,0.1,0.42,0.0,Normal
72.38,72.5,72.5,53.74,73.46,71.77,0.1,0.15,1.0,0.1,0.0,0.23,Normal
55.18,53.04,55.04,73.52,73.26,69.25,0.42,0.11,1.0,0.1,0.38,0.0,Normal
54.21,53.04,55.04,71.86,70.94,70.59,0.3,1.0,0.0,0.9,0.32,0.0,Normal
55.45,53.04,55.04,73.33,72.77,68.48,0.45,0.11,1.0,0.1,0.42,0.0,Normal
56.18,53.04,55.04,71.26,70.4,71.85,0.34,1.0,0.0,0.9,0.37,0.0,Normal
55.59,53.04,55.04,73.03,72.84,68.52,0.46,0.1,1.0,0.1,0.44,0.0,Normal
56.25,53.04,55.04,73.26,72.77,68.44,0.46,0.1,1.0,0.1,0.48,0.0,Normal
54.29,53.04,55.04,70.75,70.17,69.67,0.37,1.0,0.0,0.9,0.35,0.0,Normal
63.05,53.04,72.5,62.47,62.8,72.51,0.44,1.0,0.0,0.9,0.0,0.0,Normal
61.71,53.04,72.5,59.6,60.87,73.06,0.38,1.0,0.0,0.9,0.0,0.0,Normal
72.19,72.5,72.5,53.91,73.22,71.77,0.1,0.15,1.0,0.1,0.0,0.25,Normal
67.26,53.04,69.14,68.53,68.44,70.61,0.3,1.0,0.0,0.9,0.13,0.0,Normal
54.85,53.04,55.04,73.14,72.48,67.95,0.46,0.11,1.0,0.1,0.4,0.0,Normal
54.46,53.04,55.04,69.48,69.45,71.08,0.3,1.0,0.0,0.9,0.32,0.0,Normal
72.51,72.5,72.5,59.97,73.72,72.09,0.1,0.15,1.0,0.1,0.0,0.24,Normal
67.32,53.04,72.1,66.18,66.65,73.77,0.49,1.0,0.0,0.9,0.0,0.0,Normal
65.0,53.04,65.46,63.04,63.73,72.68,0.5,1.0,0.0,0.9,0.0,0.0,Normal
55.32,53.04,55.04,72.77,72.47,68.23,0.46,0.1,1.0,0.1,0.44,0.0,Normal
72.25,72.5,72.5,53.9,73.6,71.77,0.1,0.15,1.0,0.1,0.0,0.24,Normal
61.7,53.04,72.5,58.42,60.55,73.06,0.38,1.0,0.0,0.9,0.0,0.0,Normal
72.13,72.5,72.5,54.1,73.07,71.78,0.1,0.15,1.0,0.1,0.0,0.26,Normal
57.44,53.04,55.04,69.32,68.83,72.43,0.37,1.0,0.0,0.9,0.35,0.0,Normal
59.04,53.04,55.58,65.15,66.1,71.7,0.46,1.0,0.0,0.9,0.35,0.0,Normal
72.6,72.5,72.5,53.66,74.2,71.76,0.1,0.15,1.0,0.1,0.0,0.22,Normal
59.43,53.04,56.98,67.54,67.91,72.72,0.4,1.0,0.0,0.9,0.32,0.0,Normal
65.45,53.04,67.07,68.3,68.43,70.18,0.29,1.0,0.0,0.9,0.18,0.0,Normal
67.55,53.04,69.79,68.29,68.36,70.69,0.31,1.0,0.0,0.9,0.12,0.0,Normal
64.12,53.04,70.39,63.25,63.74,72.18,0.5,1.0,0.0,0.9,0.0,0.0,Normal
71.66,55.56,72.5,56.95,64.06,77.2,0.1,1.0,0.0,0.9,0.0,0.0,Normal
58.26,53.04,58.22,65.99,66.34,70.78,0.41,1.0,0.0,0.9,0.31,0.0,Normal
54.66,53.04,55.04,70.23,70.14,71.11,0.32,1.0,0.0,0.9,0.34,0.0,Normal
72.75,72.5,72.5,55.35,74.32,72.92,0.1,0.15,1.0,0.1,0.0,0.21,Normal
65.64,53.04,72.5,57.5,59.95,76.82,0.33,1.0,0.0,0.9,0.0,0.0,Normal
54.43,53.04,55.04,72.04,71.11,70.82,0.31,1.0,0.0,0.9,0.33,0.0,Normal
55.55,53.04,55.04,72.49,72.96,68.86,0.43,0.11,1.0,0.1,0.4,0.0,Normal
56.87,53.04,55.04,67.89,68.12,71.97,0.4,1.0,0.0,0.9,0.36,0.0,Normal
65.73,53.04,67.52,68.45,68.43,70.31,0.3,1.0,0.0,0.9,0.16,0.0,Normal
55.66,53.04,55.04,70.1,70.09,71.6,0.38,1.0,0.0,0.9,0.36,0.0,Normal
59.34,53.04,59.93,65.34,66.15,71.36,0.44,1.0,0.0,0.9,0.27,0.0,Normal
61.33,53.04,72.5,59.1,60.28,73.5,0.35,1.0,0.0,0.9,0.0,0.0,Normal
63.48,53.04,72.5,61.81,62.9,69.63,0.26,1.0,0.0,0.9,0.0,0.0,Normal
63.53,53.04,72.5,61.83,62.8,69.55,0.3,1.0,0.0,0.9,0.0,0.0,Normal
72.75,72.5,72.5,54.65,74.19,72.35,0.1,0.15,1.0,0.1,0.0,0.22,Normal
54.6,53.04,55.04,68.72,68.94,71.05,0.3,1.0,0.0,0.9,0.32,0.0,Normal
65.78,53.04,67.69,68.39,68.39,70.32,0.3,1.0,0.0,0.9,0.15,0.0,Normal
62.56,53.04,72.5,60.91,62.07,72.83,0.43,1.0,0.0,0.9,0.0,0.0,Normal
56.79,53.04,55.04,65.12,66.13,71.14,0.46,1.0,0.0,0.9,0.34,0.0,Normal
72.18,72.5,72.5,59.59,73.95,72.06,0.1,0.15,1.0,0.1,0.0,0.25,Normal
57.33,53.04,55.04,68.64,68.93,72.29,0.35,1.0,0.0,0.9,0.36,0.0,Normal
72.6,72.5,72.5,53.66,74.14,71.76,0.1,0.15,1.0,0.1,0.0,0.22,Normal
54.87,53.04,55.04,72.69,72.68,68.34,0.47,0.1,1.0,0.1,0.41,0.0,Normal
67.36,53.04,71.83,66.32,66.58,73.71,0.49,1.0,0.0,0.9,0.0,0.0,Normal
67.93,53.04,64.54,66.91,67.42,73.71,0.45,1.0,0.0,0.9,0.18,0.0,Normal
62.38,53.04,63.86,64.02,64.85,71.49,0.5,1.0,0.0,0.9,0.2,0.0,Normal
68.26,53.04,72.5,63.47,65.29,76.57,0.35,1.0,0.0,0.9,0.0,0.0,Normal
59.2,53.04,59.44,65.9,66.4,71.15,0.42,1.0,0.0,0.9,0.28,0.0,Normal
55.32,53.04,55.04,72.45,73.05,69.01,0.42,0.11,1.0,0.1,0.39,0.0,Normal
72.22,72.5,72.5,53.86,73.45,71.78,0.1,0.15,1.0,0.1,0.0,0.25,Normal
72.54,72.5,72.5,60.01,73.66,72.11,0.1,0.15,1.0,0.1,0.0,0.24,Normal
62.98,53.04,72.5,60.17,61.77,72.49,0.44,1.0,0.0,0.9,0.0,0.0,Normal
63.86,53.04,71.93,61.78,63.05,72.1,0.5,1.0,0.0,0.9,0.0,0.0,Normal
55.69,53.04,55.04,73.29,72.75,68.38,0.45,0.11,1.0,0.1,0.43,0.0,Normal
54.49,53.04,55.04,72.62,72.26,67.96,0.44,0.11,1.0,0.1,0.39,0.0,Normal
72.56,72.5,72.5,60.04,73.8,72.12,0.1,0.15,1.0,0.1,0.0,0.24,Normal
55.41,53.04,55.04,72.06,73.13,69.26,0.42,0.11,1.0,0.1,0.39,0.0,Normal
56.08,53.04,55.04,72.29,72.56,68.57,0.41,0.11,1.0,0.1,0.45,0.0,Normal
61.12,53.04,57.48,67.14,67.65,73.09,0.43,1.0,0.0,0.9,0.33,0.0,Normal
67.1,53.04,72.5,65.61,66.31,74.18,0.48,1.0,0.0,0.9,0.0,0.0,Normal
63.47,53.04,72.5,62.03,62.98,69.67,0.25,1.0,0.0,0.9,0.0,0.0,Normal
64.06,53.04,65.36,63.4,64.49,71.38,0.48,1.0,0.0,0.9,0.17,0.0,Normal
55.53,53.04,55.04,70.43,70.17,71.64,0.38,1.0,0.0,0.9,0.36,0.0,Normal
61.44,53.04,72.5,59.58,60.66,73.14,0.36,1.0,0.0,0.9,0.0,0.0,Normal
56.29,53.04,55.04,73.58,72.96,68.67,0.46,0.11,1.0,0.1,0.47,0.0,Normal
58.18,53.04,58.16,65.82,66.44,71.17,0.41,1.0,0.0,0.9,0.3,0.0,Normal
63.06,53.04,59.07,66.36,67.1,73.0,0.45,1.0,0.0,0.9,0.3,0.0,Normal
58.52,53.04,58.98,66.31,66.63,70.98,0.4,1.0,0.0,0.9,0.27,0.0,Normal
56.6,53.04,55.54,65.7,65.99,70.67,0.43,1.0,0.0,0.9,0.33,0.0,Normal
63.7,53.04,72.5,57.4,59.66,76.12,0.34,1.0,0.0,0.9,0.0,0.0,Normal
58.91,53.04,58.31,65.65,65.86,70.7,0.46,1.0,0.0,0.9,0.34,0.0,Normal
56.91,53.04,57.21,65.98,66.0,70.35,0.43,1.0,0.0,0.9,0.29,0.0,Normal
67.87,53.04,65.55,66.28,67.12,73.68,0.47,1.0,0.0,0.9,0.13,0.0,Normal
57.87,53.04,58.3,66.42,66.51,70.9,0.42,1.0,0.0,0.9,0.3,0.0,Normal
54.9,53.04,55.04,71.24,70.76,71.09,0.32,1.0,0.0,0.9,0.35,0.0,Normal
63.85,53.04,65.2,63.58,64.58,71.34,0.49,1.0,0.0,0.9,0.17,0.0,Normal
54.32,53.04,55.04,73.19,72.36,67.96,0.46,0.1,1.0,0.1,0.39,0.0,Normal
72.45,72.5,72.5,54.32,73.55,71.89,0.1,0.15,1.0,0.1,0.0,0.24,Normal
68.86,53.04,72.5,64.2,65.52,76.67,0.32,1.0,0.0,0.9,0.0,0.0,Normal
65.41,53.04,59.45,63.86,64.56,73.08,0.5,1.0,0.0,0.9,0.31,0.0,Normal
67.21,53.04,72.5,65.28,65.76,75.69,0.41,1.0,0.0,0.9,0.0,0.0,Normal
71.57,64.79,72.5,63.64,75.8,75.25,0.1,0.48,0.61,0.41,0.0,0.0,Normal
57.49,53.04,55.04,68.43,68.73,72.33,0.36,1.0,0.0,0.9,0.36,0.0,Normal
59.85,53.04,56.93,68.11,67.98,72.76,0.39,1.0,0.0,0.9,0.33,0.0,Normal
61.77,53.04,72.5,59.0,60.69,73.04,0.39,1.0,0.0,0.9,0.0,0.0,Normal
63.19,53.04,72.5,60.67,61.88,72.42,0.46,1.0,0.0,0.9,0.0,0.0,Normal
65.12,53.04,67.45,64.14,64.58,72.47,0.5,1.0,0.0,0.9,0.0,0.0,Normal
65.0,53.04,67.8,64.05,64.76,72.44,0.5,1.0,0.0,0.9,0.0,0.0,Normal
72.18,66.72,72.5,56.27,77.47,76.81,0.1,0.31,0.81,0.25,0.0,0.0,Normal
64.85,53.04,67.04,62.95,64.06,71.49,0.5,1.0,0.0,0.9,0.11,0.0,Normal
63.46,53.04,72.5,61.79,62.78,72.27,0.49,1.0,0.0,0.9,0.0,0.0,Normal
72.6,71.66,72.5,62.43,74.33,73.27,0.1,0.15,1.0,0.1,0.01,0.15,Normal
58.09,53.04,58.63,65.35,65.75,70.51,0.43,1.0,0.0,0.9,0.28,0.0,Normal
56.04,53.04,55.04,69.43,69.4,71.83,0.37,1.0,0.0,0.9,0.35,0.0,Normal
58.43,53.04,58.9,66.5,66.5,70.98,0.4,1.0,0.0,0.9,0.27,0.0,Normal
57.16,53.04,57.74,69.55,69.35,71.22,0.28,1.0,0.0,0.9,0.28,0.0,Normal
72.4,71.18,72.5,62.44,74.66,73.36,0.1,0.15,1.0,0.1,0.0,0.14,Normal
56.24,53.04,55.04,69.16,69.22,71.81,0.37,1.0,0.0,0.9,0.36,0.0,Normal
59.77,53.04,60.56,65.52,66.3,71.2,0.41,1.0,0.0,0.9,0.25,0.0,Normal
55.39,53.04,55.04,73.67,72.98,68.79,0.42,0.11,1.0,0.1,0.39,0.0,Normal
56.8,53.04,56.51,64.81,65.22,70.5,0.49,1.0,0.0,0.9,0.32,0.0,Normal
72.9,72.5,72.5,54.92,74.15,72.63,0.1,0.15,1.0,0.1,0.0,0.21,Normal
57.59,53.04,57.9,65.86,66.01,70.56,0.44,1.0,0.0,0.9,0.3,0.0,Normal
70.76,53.04,72.5,63.57,65.74,76.15,0.22,1.0,0.0,0.9,0.0,0.0,Normal
54.19,53.04,55.04,71.69,70.83,70.56,0.3,1.0,0.0,0.9,0.32,0.0,Normal
54.7,53.04,55.04,69.11,68.99,71.01,0.3,1.0,0.0,0.9,0.32,0.0,Normal
72.6,70.93,72.5,55.95,76.94,75.26,0.1,0.15,1.0,0.1,0.01,0.1,Normal
64.82,53.04,65.63,68.57,68.63,69.89,0.27,1.0,0.0,0.9,0.22,0.0,Normal
58.26,53.04,56.29,68.49,68.53,72.66,0.38,1.0,0.0,0.9,0.31,0.0,Normal
54.1,53.04,55.39,69.42,69.16,71.08,0.27,1.0,0.0,0.9,0.28,0.0,Normal
57.08,53.04,56.52,66.65,66.42,70.39,0.4,1.0,0.0,0.9,0.33,0.0,Normal
72.61,72.5,72.5,53.59,74.36,71.77,0.1,0.15,1.0,0.1,0.0,0.22,Normal
71.61,66.23,72.5,63.6,75.31,74.55,0.1,0.36,0.75,0.3,0.0,0.0,Normal
63.22,53.04,72.5,60.16,62.36,70.67,0.14,1.0,0.0,0.9,0.0,0.0,Normal
54.11,53.04,55.04,71.81,72.3,68.23,0.41,0.11,1.0,0.1,0.36,0.0,Normal
55.67,53.04,55.04,72.97,72.74,68.46,0.45,0.11,1.0,0.1,0.42,0.0,Normal
72.81,72.5,72.5,60.91,74.38,72.56,0.1,0.15,1.0,0.1,0.0,0.22,Normal
56.71,53.04,55.04,66.96,66.93,71.2,0.42,1.0,0.0,0.9,0.33,0.0,Normal
54.06,53.04,55.04,71.62,71.05,70.92,0.31,1.0,0.0,0.9,0.31,0.0,Normal
56.41,53.04,55.04,69.43,69.38,71.82,0.36,1.0,0.0,0.9,0.36,0.0,Normal
57.9,53.04,55.07,65.52,66.32,71.62,0.44,1.0,0.0,0.9,0.33,0.0,Normal
55.22,53.04,55.04,73.39,72.78,68.46,0.47,0.1,1.0,0.1,0.43,0.0,Normal
72.26,72.5,72.5,59.47,73.8,72.05,0.1,0.15,1.0,0.1,0.0,0.25,Normal
67.76,53.04,69.62,68.15,68.17,70.76,0.32,1.0,0.0,0.9,0.11,0.0,Normal
54.86,53.04,55.04,72.3,72.24,67.99,0.44,0.11,1.0,0.1,0.4,0.0,Normal
72.59,72.5,72.5,53.68,74.21,71.76,0.1,0.15,1.0,0.1,0.0,0.22,Normal
56.94,53.04,55.81,64.42,65.32,70.45,0.49,1.0,0.0,0.9,0.34,0.0,Normal
62.09,53.04,72.5,59.14,60.89,72.97,0.41,1.0,0.0,0.9,0.0,0.0,Normal
61.51,53.04,72.5,58.08,59.84,73.71,0.34,1.0,0.0,0.9,0.0,0.0,Normal
63.04,53.04,72.5,60.45,61.84,72.52,0.43,1.0,0.0,0.9,0.0,0.0,Normal
62.08,53.04,72.5,59.87,61.17,72.99,0.41,1.0,0.0,0.9,0.0,0.0,Normal
56.81,53.04,55.04,68.77,68.72,72.04,0.36,1.0,0.0,0.9,0.35,0.0,Normal
57.41,53.04,55.04,68.7,68.63,72.42,0.37,1.0,0.0,0.9,0.34,0.0,Normal
55.44,53.04,55.04,73.75,73.12,68.78,0.43,0.11,1.0,0.1,0.4,0.0,Normal
72.81,72.5,72.5,61.67,74.43,72.96,0.1,0.15,1.0,0.1,0.0,0.21,Normal
67.36,53.04,72.5,65.74,65.89,76.07,0.4,1.0,0.0,0.9,0.0,0.0,Normal
63.74,53.04,72.27,61.13,62.79,72.17,0.5,1.0,0.0,0.9,0.0,0.0,Normal
56.57,53.04,55.55,66.75,66.64,70.64,0.4,1.0,0.0,0.9,0.33,0.0,Normal
58.85,53.04,58.48,65.67,66.0,70.66,0.43,1.0,0.0,0.9,0.33,0.0,Normal
56.75,53.04,55.04,65.01,65.69,70.71,0.46,1.0,0.0,0.9,0.34,0.0,Normal
61.7,53.04,72.5,57.45,59.59,74.28,0.33,1.0,0.0,0.9,0.0,0.0,Normal
58.6,53.04,57.9,65.59,65.93,70.75,0.45,1.0,0.0,0.9,0.34,0.0,Normal
58.94,53.04,58.12,65.25,65.81,70.75,0.45,1.0,0.0,0.9,0.34,0.0,Normal
67.92,53.04,70.21,67.79,67.95,70.86,0.33,1.0,0.0,0.9,0.09,0.0,Normal
55.06,53.04,55.04,72.04,72.22,68.11,0.42,0.11,1.0,0.1,0.4,0.0,Normal
67.18,53.04,72.5,65.73,66.32,74.08,0.49,1.0,0.0,0.9,0.0,0.0,Normal
61.77,53.04,72.5,60.02,61.28,73.05,0.39,1.0,0.0,0.9,0.0,0.0,Normal
62.75,53.04,56.81,63.77,64.51,73.14,0.5,1.0,0.0,0.9,0.36,0.0,Normal
56.09,53.04,55.04,73.44,72.71,68.32,0.46,0.11,1.0,0.1,0.46,0.0,Normal
72.73,72.5,72.5,55.39,74.48,72.99,0.1,0.15,1.0,0.1,0.0,0.22,Normal
72.32,72.5,72.5,53.79,73.39,71.76,0.1,0.15,1.0,0.1,0.0,0.24,Normal
54.91,53.04,55.04,70.76,70.35,71.12,0.33,1.0,0.0,0.9,0.35,0.0,Normal
54.55,53.04,55.04,69.3,69.11,71.04,0.29,1.0,0.0,0.9,0.32,0.0,Normal
57.41,53.04,56.56,65.91,66.12,70.8,0.44,1.0,0.0,0.9,0.36,0.0,Normal
61.65,53.04,58.83,67.66,67.61,73.49,0.46,1.0,0.0,0.9,0.22,0.0,Normal
54.6,53.04,55.04,72.92,72.39,68.04,0.46,0.1,1.0,0.1,0.41,0.0,Normal
54.37,53.04,55.04,73.4,72.35,67.77,0.47,0.1,1.0,0.1,0.39,0.0,Normal
57.09,53.04,56.78,65.96,66.28,70.68,0.41,1.0,0.0,0.9,0.35,0.0,Normal
63.12,53.04,72.5,61.69,62.55,72.34,0.48,1.0,0.0,0.9,0.0,0.0,Normal
58.86,53.04,61.59,69.41,69.29,70.05,0.24,1.0,0.0,0.9,0.14,0.0,Normal
60.17,53.04,60.9,65.88,66.35,71.24,0.41,1.0,0.0,0.9,0.24,0.0,Normal
56.17,53.04,55.04,72.21,73.43,69.75,0.42,0.11,1.0,0.1,0.41,0.0,Normal
63.14,53.04,72.5,60.28,61.78,72.5,0.43,1.0,0.0,0.9,0.0,0.0,Normal
61.85,53.04,58.8,68.59,68.05,73.02,0.41,1.0,0.0,0.9,0.29,0.0,Normal
54.71,53.04,55.04,70.48,69.93,71.06,0.31,1.0,0.0,0.9,0.33,0.0,Normal
64.95,53.04,64.89,62.24,63.38,72.74,0.5,1.0,0.0,0.9,0.01,0.0,Normal
63.03,53.04,72.5,60.93,62.27,72.46,0.45,1.0,0.0,0.9,0.0,0.0,Normal
59.5,53.04,55.63,64.92,65.81,71.82,0.49,1.0,0.0,0.9,0.34,0.0,Normal
55.55,53.04,55.04,71.94,73.21,69.44,0.42,0.11,1.0,0.1,0.39,0.0,Normal
55.96,53.04,55.04,70.14,69.8,71.64,0.38,1.0,0.0,0.9,0.37,0.0,Normal
55.35,53.04,55.04,72.68,73.06,69.06,0.43,0.11,1.0,0.1,0.39,0.0,Normal
57.21,53.04,57.81,65.66,65.97,70.59,0.44,1.0,0.0,0.9,0.3,0.0,Normal
72.47,72.5,72.5,53.66,73.77,71.77,0.1,0.15,1.0,0.1,0.0,0.23,Normal
72.83,72.5,72.5,61.31,74.4,72.75,0.1,0.15,1.0,0.1,0.0,0.21,Normal
54.92,53.04,55.04,72.78,72.24,67.91,0.44,0.11,1.0,0.1,0.41,0.0,Normal
63.5,53.04,64.86,63.98,64.84,71.35,0.47,1.0,0.0,0.9,0.18,0.0,Normal
64.67,53.04,68.91,63.32,64.22,72.31,0.5,1.0,0.0,0.9,0.0,0.0,Normal
72.34,72.5,72.5,54.22,73.2,71.81,0.1,0.15,1.0,0.1,0.0,0.25,Normal
64.37,53.04,69.75,63.05,63.85,72.21,0.5,1.0,0.0,0.9,0.0,0.0,Normal
58.97,53.04,59.94,66.99,66.91,71.27,0.39,1.0,0.0,0.9,0.26,0.0,Normal
54.37,53.04,55.04,70.32,70.02,69.04,0.37,1.0,0.0,0.9,0.36,0.0,Normal
57.54,53.04,60.13,69.58,69.28,70.43,0.25,1.0,0.0,0.9,0.17,0.0,Normal
62.03,53.04,72.5,57.27,59.47,74.66,0.33,1.0,0.0,0.9,0.0,0.0,Normal
56.79,53.04,56.37,65.73,65.99,70.45,0.45,1.0,0.0,0.9,0.33,0.0,Normal
55.28,53.04,55.04,73.37,72.82,68.51,0.45,0.11,1.0,0.1,0.41,0.0,Normal
71.81,58.46,72.5,56.52,66.44,77.79,0.1,0.97,0.04,0.87,0.0,0.0,Normal
72.47,72.5,72.5,53.67,73.55,71.77,0.1,0.15,1.0,0.1,0.0,0.23,Normal
63.0,53.04,72.5,61.05,62.09,72.48,0.45,1.0,0.0,0.9,0.0,0.0,Normal
61.55,53.04,72.5,57.72,59.88,73.84,0.34,1.0,0.0,0.9,0.0,0.0,Normal
72.8,72.5,72.5,61.76,74.29,73.0,0.1,0.15,1.0,0.1,0.0,0.21,Normal
57.18,53.04,58.55,69.57,69.26,70.88,0.27,1.0,0.0,0.9,0.24,0.0,Normal
72.29,72.5,72.5,53.84,73.52,71.77,0.1,0.15,1.0,0.1,0.0,0.24,Normal
72.6,72.5,72.5,53.64,74.24,71.76,0.1,0.15,1.0,0.1,0.0,0.22,Normal
56.44,53.04,56.96,66.09,66.1,70.43,0.43,1.0,0.0,0.9,0.29,0.0,Normal
63.29,53.04,72.5,60.62,62.2,70.32,0.17,1.0,0.0,0.9,0.0,0.0,Normal
54.58,53.04,55.04,71.86,71.21,70.92,0.31,1.0,0.0,0.9,0.33,0.0,Normal
54.85,53.04,55.04,72.88,72.2,67.72,0.47,0.1,1.0,0.1,0.41,0.0,Normal
62.1,53.04,72.5,59.66,61.04,72.98,0.41,1.0,0.0,0.9,0.0,0.0,Normal
67.62,53.04,69.77,66.38,66.92,73.61,0.49,1.0,0.0,0.9,0.0,0.0,Normal
55.6,53.04,55.04,72.26,73.23,69.45,0.42,0.11,1.0,0.1,0.39,0.0,Normal
57.87,53.04,60.68,70.0,69.38,70.29,0.24,1.0,0.0,0.9,0.16,0.0,Normal
71.85,68.66,72.5,63.01,75.12,73.66,0.1,0.15,1.0,0.1,0.0,0.0,Normal
61.57,53.04,72.5,58.12,60.01,74.07,0.33,1.0,0.0,0.9,0.0,0.0,Normal
63.29,53.04,64.67,64.06,64.82,71.37,0.48,1.0,0.0,0.9,0.19,0.0,Normal
67.4,53.04,71.81,65.57,66.38,73.66,0.5,1.0,0.0,0.9,0.0,0.0,Normal
71.59,65.36,72.5,63.33,75.59,74.89,0.1,0.41,0.69,0.35,0.0,0.0,Normal
56.52,53.04,55.04,68.28,68.39,71.72,0.38,1.0,0.0,0.9,0.35,0.0,Normal
72.16,72.5,72.5,54.16,73.19,71.78,0.1,0.15,1.0,0.1,0.0,0.26,Normal
72.72,72.5,72.5,60.6,74.27,72.39,0.1,0.15,1.0,0.1,0.0,0.23,Normal
72.28,72.5,72.5,59.53,73.83,72.05,0.1,0.15,1.0,0.1,0.0,0.24,Normal
63.14,53.04,64.45,63.6,64.75,71.37,0.48,1.0,0.0,0.9,0.18,0.0,Normal
55.81,53.04,55.04,70.75,70.58,71.51,0.38,1.0,0.0,0.9,0.38,0.0,Normal
55.4,53.04,55.04,73.8,72.82,68.43,0.45,0.11,1.0,0.1,0.41,0.0,Normal
55.46,53.04,55.04,73.52,72.99,68.79,0.43,0.11,1.0,0.1,0.4,0.0,Normal
72.39,72.5,72.5,59.33,73.86,72.06,0.1,0.15,1.0,0.1,0.0,0.23,Normal
72.2,72.5,72.5,54.16,73.26,71.78,0.1,0.15,1.0,0.1,0.0,0.25,Normal
59.68,53.04,60.35,66.39,66.31,71.22,0.43,1.0,0.0,0.9,0.25,0.0,Normal
57.23,53.04,57.8,65.9,66.24,70.84,0.44,1.0,0.0,0.9,0.28,0.0,Normal
62.99,53.04,72.5,60.58,61.82,72.53,0.43,1.0,0.0,0.9,0.0,0.0,Normal
63.01,53.04,72.5,60.68,61.99,72.55,0.43,1.0,0.0,0.9,0.0,0.0,Normal
56.57,53.04,55.04,68.3,68.59,71.67,0.36,1.0,0.0,0.9,0.36,0.0,Normal
63.67,53.04,72.5,62.04,62.84,72.21,0.5,1.0,0.0,0.9,0.0,0.0,Normal
56.57,53.04,55.04,70.03,69.93,71.82,0.33,1.0,0.0,0.9,0.38,0.0,Normal
59.66,53.04,56.14,65.77,66.13,71.84,0.48,1.0,0.0,0.9,0.32,0.0,Normal
63.84,53.04,71.95,62.06,62.9,72.13,0.5,1.0,0.0,0.9,0.0,0.0,Normal
55.47,53.04,55.04,74.13,72.97,71.23,0.36,0.12,1.0,0.1,0.37,0.0,Normal
55.33,53.04,55.04,71.63,72.24,68.19,0.42,0.11,1.0,0.1,0.41,0.0,Normal
65.89,53.04,67.88,68.59,68.45,70.38,0.29,1.0,0.0,0.9,0.14,0.0,Normal
72.68,72.5,72.5,60.42,74.08,72.31,0.1,0.15,1.0,0.1,0.0,0.23,Normal
61.75,53.04,72.5,60.35,61.25,73.08,0.38,1.0,0.0,0.9,0.0,0.0,Normal
59.5,53.04,59.98,65.32,65.98,71.3,0.44,1.0,0.0,0.9,0.26,0.0,Normal
65.18,53.04,67.13,63.15,63.93,72.52,0.5,1.0,0.0,0.9,0.0,0.0,Normal
72.69,72.5,72.5,54.55,73.79,72.25,0.1,0.15,1.0,0.1,0.0,0.23,Normal
72.8,72.5,72.5,61.56,74.58,72.92,0.1,0.15,1.0,0.1,0.0,0.21,Normal
64.9,53.04,65.83,68.85,68.59,69.91,0.28,1.0,0.0,0.9,0.21,0.0,Normal
61.3,53.04,58.08,68.09,68.18,73.08,0.4,1.0,0.0,0.9,0.31,0.0,Normal
65.13,53.04,72.5,57.88,60.04,76.67,0.33,1.0,0.0,0.9,0.0,0.0,Normal
72.73,72.5,72.5,60.61,74.24,72.41,0.1,0.15,1.0,0.1,0.0,0.22,Normal
72.6,72.5,72.5,59.05,74.12,72.03,0.1,0.15,1.0,0.1,0.0,0.22,Normal
72.81,72.29,72.5,61.96,74.58,73.15,0.1,0.15,1.0,0.1,0.01,0.19,Normal
59.83,53.04,60.57,66.15,66.38,71.2,0.41,1.0,0.0,0.9,0.24,0.0,Normal
72.2,72.5,72.5,59.59,73.81,72.04,0.1,0.15,1.0,0.1,0.0,0.25,Normal
57.48,53.04,55.04,68.66,68.76,72.41,0.37,1.0,0.0,0.9,0.36,0.0,Normal
72.31,70.91,72.5,62.61,74.81,73.4,0.1,0.15,1.0,0.1,0.0,0.13,Normal
71.76,57.35,72.5,56.53,65.27,77.7,0.1,1.0,0.0,0.9,0.0,0.0,Normal
72.27,72.5,72.5,53.91,73.3,71.77,0.1,0.15,1.0,0.1,0.0,0.24,Normal
72.63,72.5,72.5,54.43,73.93,72.13,0.1,0.15,1.0,0.1,0.0,0.23,Normal
72.57,72.5,72.5,53.74,74.14,71.77,0.1,0.15,1.0,0.1,0.0,0.22,Normal
54.95,53.04,55.04,72.41,72.19,67.81,0.45,0.11,1.0,0.1,0.41,0.0,Normal
67.72,53.04,69.81,68.06,68.2,70.74,0.32,1.0,0.0,0.9,0.12,0.0,Normal
54.53,53.04,55.04,73.08,72.56,68.09,0.48,0.1,1.0,0.1,0.4,0.0,Normal
57.31,53.04,57.48,65.65,65.92,70.43,0.43,1.0,0.0,0.9,0.31,0.0,Normal
72.23,72.5,72.5,59.72,73.81,72.04,0.1,0.15,1.0,0.1,0.0,0.26,Normal
56.67,53.04,55.04,68.44,68.34,71.84,0.38,1.0,0.0,0.9,0.36,0.0,Normal
63.92,53.04,71.87,62.42,63.26,72.1,0.5,1.0,0.0,0.9,0.0,0.0,Normal
59.3,53.04,55.52,65.81,65.92,71.75,0.49,1.0,0.0,0.9,0.35,0.0,Normal
55.87,53.04,55.04,72.55,72.63,68.62,0.42,0.11,1.0,0.1,0.45,0.0,Normal
55.64,53.04,55.04,72.08,74.29,70.88,0.39,0.11,1.0,0.1,0.38,0.0,Normal
54.37,53.04,55.04,69.52,69.46,71.06,0.3,1.0,0.0,0.9,0.31,0.0,Normal
54.18,53.04,55.04,72.0,71.16,70.88,0.31,1.0,0.0,0.9,0.32,0.0,Normal
72.4,72.5,72.5,59.85,73.67,72.06,0.1,0.15,1.0,0.1,0.0,0.24,Normal
61.65,53.04,62.67,65.42,65.92,71.8,0.45,1.0,0.0,0.9,0.22,0.0,Normal
56.45,53.04,55.54,65.77,66.05,70.68,0.44,1.0,0.0,0.9,0.32,0.0,Normal
56.59,53.04,55.04,69.37,69.14,71.66,0.35,1.0,0.0,0.9,0.36,0.0,Normal
71.4,57.46,72.5,63.95,67.97,76.62,0.1,1.0,0.0,0.9,0.0,0.0,Normal
56.8,53.04,55.16,65.53,66.24,70.69,0.44,1.0,0.0,0.9,0.36,0.0,Normal
56.99,53.04,56.04,65.18,65.59,70.57,0.46,1.0,0.0,0.9,0.34,0.0,Normal
72.55,72.5,72.5,59.2,74.24,72.05,0.1,0.15,1.0,0.1,0.0,0.23,Normal
71.25,53.04,72.5,64.48,66.18,75.85,0.12,1.0,0.0,0.9,0.0,0.0,Normal
55.73,53.04,55.04,73.61,72.79,68.41,0.47,0.1,1.0,0.1,0.46,0.0,Normal
57.61,53.04,57.9,65.89,66.34,70.81,0.42,1.0,0.0,0.9,0.3,0.0,Normal
54.52,53.04,55.04,72.42,72.26,67.95,0.44,0.11,1.0,0.1,0.39,0.0,Normal
61.75,53.04,72.5,59.56,60.9,73.04,0.39,1.0,0.0,0.9,0.0,0.0,Normal
55.51,53.04,55.04,74.09,72.94,68.55,0.44,0.11,1.0,0.1,0.41,0.0,Normal
64.01,53.04,72.5,61.59,62.64,69.68,0.41,1.0,0.0,0.9,0.0,0.0,Normal
64.42,53.04,72.5,62.32,63.07,70.08,0.48,1.0,0.0,0.9,0.0,0.0,Normal
65.0,53.04,65.95,68.43,68.52,69.96,0.29,1.0,0.0,0.9,0.21,0.0,Normal
72.33,72.5,72.5,59.46,74.0,72.06,0.1,0.15,1.0,0.1,0.0,0.24,Normal
64.3,53.04,72.5,62.42,63.04,69.88,0.46,1.0,0.0,0.9,0.0,0.0,Normal
67.26,53.04,72.5,64.99,65.89,75.8,0.41,1.0,0.0,0.9,0.0,0.0,Normal
72.82,72.5,72.5,61.4,74.49,72.78,0.1,0.15,1.0,0.1,0.0,0.21,Normal
72.43,72.5,72.5,53.69,73.52,71.77,0.1,0.15,1.0,0.1,0.0,0.23,Normal
71.18,53.04,72.5,64.28,66.14,75.77,0.15,1.0,0.0,0.9,0.0,0.0,Normal
65.08,53.04,62.49,63.82,64.46,72.93,0.5,1.0,0.0,0.9,0.14,0.0,Normal
67.46,53.04,71.07,66.33,66.83,73.6,0.48,1.0,0.0,0.9,0.0,0.0,Normal
57.15,53.04,56.27,66.13,66.15,70.36,0.41,1.0,0.0,0.9,0.33,0.0,Normal
54.28,53.04,55.04,70.4,70.05,70.47,0.35,1.0,0.0,0.9,0.33,0.0,Normal
54.49,53.04,55.04,69.57,69.51,69.75,0.39,1.0,0.0,0.9,0.36,0.0,Normal
71.9,61.43,72.5,56.89,71.11,77.68,0.1,0.74,0.31,0.65,0.0,0.0,Normal
56.89,53.04,55.04,66.58,66.88,71.31,0.43,1.0,0.0,0.9,0.33,0.0,Normal
64.38,53.04,66.03,63.69,64.31,71.41,0.49,1.0,0.0,0.9,0.15,0.0,Normal
72.16,72.5,72.5,53.97,73.4,71.78,0.1,0.15,1.0,0.1,0.0,0.25,Normal
55.18,53.04,55.04,73.31,73.21,69.23,0.41,0.11,1.0,0.1,0.38,0.0,Normal
54.79,53.04,55.04,70.1,69.9,71.07,0.3,1.0,0.0,0.9,0.33,0.0,Normal
72.76,72.36,72.5,55.78,75.66,73.87,0.1,0.15,1.0,0.1,0.01,0.21,Normal
72.18,72.5,72.5,53.95,73.28,71.78,0.1,0.15,1.0,0.1,0.0,0.25,Normal
72.61,72.5,72.5,59.04,74.38,72.04,0.1,0.15,1.0,0.1,0.0,0.22,Normal
61.45,53.04,72.5,58.35,60.17,73.23,0.36,1.0,0.0,0.9,0.0,0.0,Normal
72.71,72.5,72.5,60.53,74.22,72.36,0.1,0.15,1.0,0.1,0.0,0.23,Normal
57.52,53.04,57.79,65.98,65.99,70.7,0.45,1.0,0.0,0.9,0.3,0.0,Normal
56.51,53.04,56.62,65.15,65.61,70.39,0.43,1.0,0.0,0.9,0.31,0.0,Normal
72.64,72.5,72.5,60.29,73.96,72.23,0.1,0.15,1.0,0.1,0.0,0.23,Normal
67.85,53.04,66.43,66.63,67.07,73.66,0.47,1.0,0.0,0.9,0.07,0.0,Normal
72.72,72.5,72.5,55.56,74.92,73.14,0.1,0.15,1.0,0.1,0.0,0.22,Normal
72.83,72.5,72.5,61.23,74.43,72.71,0.1,0.15,1.0,0.1,0.0,0.21,Normal
72.4,72.5,72.5,59.37,73.85,72.06,0.1,0.15,1.0,0.1,0.0,0.23,Normal
56.02,53.04,55.04,73.67,72.79,68.4,0.45,0.11,1.0,0.1,0.44,0.0,Normal
72.67,71.38,72.5,55.87,76.66,74.91,0.1,0.15,1.0,0.1,0.01,0.13,Normal
55.33,53.04,55.04,72.86,72.8,68.53,0.45,0.11,1.0,0.1,0.41,0.0,Normal
54.41,53.04,55.04,72.11,71.08,70.75,0.31,1.0,0.0,0.9,0.33,0.0,Normal
57.52,53.04,57.54,65.39,65.75,70.47,0.45,1.0,0.0,0.9,0.32,0.0,Normal
54.34,53.04,55.04,71.97,72.13,67.94,0.44,0.11,1.0,0.1,0.38,0.0,Normal
55.38,53.04,55.04,73.56,73.07,68.9,0.42,0.11,1.0,0.1,0.4,0.0,Normal
59.46,53.04,55.63,65.14,65.99,71.79,0.47,1.0,0.0,0.9,0.35,0.0,Normal
64.88,53.04,64.13,63.01,63.98,72.78,0.5,1.0,0.0,0.9,0.05,0.0,Normal
56.17,53.04,55.04,70.03,69.73,71.84,0.37,1.0,0.0,0.9,0.37,0.0,Normal
59.61,53.04,56.31,63.53,64.49,72.75,0.5,1.0,0.0,0.9,0.23,0.0,Normal
58.09,53.04,58.77,65.64,65.73,70.52,0.44,1.0,0.0,0.9,0.29,0.0,Normal
72.9,72.5,72.5,54.88,74.24,72.6,0.1,0.15,1.0,0.1,0.0,0.21,Normal
62.47,53.04,58.9,67.07,67.38,72.99,0.44,1.0,0.0,0.9,0.3,0.0,Normal
57.5,53.04,57.49,65.29,65.84,70.45,0.44,1.0,0.0,0.9,0.32,0.0,Normal
65.14,53.04,62.24,63.28,64.38,72.94,0.5,1.0,0.0,0.9,0.16,0.0,Normal
64.66,53.04,69.35,62.65,63.45,70.86,0.5,1.0,0.0,0.9,0.0,0.0,Normal
64.01,53.04,72.5,56.78,59.43,76.23,0.34,1.0,0.0,0.9,0.0,0.0,Normal
72.53,72.5,72.5,59.14,74.09,72.05,0.1,0.15,1.0,0.1,0.0,0.23,Normal
58.28,53.04,58.0,65.81,66.28,70.76,0.41,1.0,0.0,0.9,0.33,0.0,Normal
72.58,72.5,72.5,53.71,74.12,71.77,0.1,0.15,1.0,0.1,0.0,0.22,Normal
54.61,53.04,55.04,71.16,70.33,70.37,0.33,1.0,0.0,0.9,0.35,0.0,Normal
61.44,53.04,72.5,58.22,60.04,73.19,0.36,1.0,0.0,0.9,0.0,0.0,Normal
65.23,53.04,60.79,64.37,64.85,73.04,0.5,1.0,0.0,0.9,0.25,0.0,Normal
64.47,53.04,69.53,63.24,64.05,72.25,0.5,1.0,0.0,0.9,0.0,0.0,Normal
67.15,53.04,69.0,68.48,68.39,70.6,0.3,1.0,0.0,0.9,0.14,0.0,Normal
72.83,72.5,72.5,61.13,74.35,72.62,0.1,0.15,1.0,0.1,0.0,0.22,Normal
67.89,53.04,67.47,65.79,66.77,73.67,0.5,1.0,0.0,0.9,0.03,0.0,Normal
72.86,72.5,72.5,55.07,74.12,72.73,0.1,0.15,1.0,0.1,0.0,0.21,Normal
57.96,53.04,58.58,66.28,66.58,71.12,0.43,1.0,0.0,0.9,0.27,0.0,Normal
72.07,70.01,72.5,62.62,74.88,73.51,0.1,0.15,1.0,0.1,0.0,0.07,Normal
72.31,72.5,72.5,59.51,73.79,72.06,0.1,0.15,1.0,0.1,0.0,0.24,Normal
56.12,53.04,55.04,72.63,72.36,68.11,0.46,0.11,1.0,0.1,0.46,0.0,Normal
55.49,53.04,55.04,73.08,73.2,69.17,0.42,0.11,1.0,0.1,0.39,0.0,Normal
58.49,53.04,58.91,65.16,65.52,70.57,0.46,1.0,0.0,0.9,0.3,0.0,Normal
56.93,53.04,55.04,67.87,68.21,71.99,0.4,1.0,0.0,0.9,0.36,0.0,Normal
61.85,53.04,72.5,58.58,60.33,73.05,0.38,1.0,0.0,0.9,0.0,0.0,Normal
71.8,68.35,72.5,63.11,75.08,73.7,0.1,0.17,0.98,0.12,0.0,0.0,Normal
54.32,53.04,55.04,71.6,71.01,70.7,0.3,1.0,0.0,0.9,0.32,0.0,Normal
62.78,53.04,72.5,60.7,61.97,72.65,0.44,1.0,0.0,0.9,0.0,0.0,Normal
72.26,72.5,72.5,53.88,73.45,71.77,0.1,0.15,1.0,0.1,0.0,0.24,Normal
67.12,53.04,72.5,65.87,66.14,75.29,0.43,1.0,0.0,0.9,0.0,0.0,Normal
63.27,53.04,72.5,60.43,62.18,70.41,0.16,1.0,0.0,0.9,0.0,0.0,Normal
61.45,53.04,72.5,57.83,59.67,73.6,0.35,1.0,0.0,0.9,0.0,0.0,Normal
57.17,53.04,55.04,66.89,66.88,71.31,0.43,1.0,0.0,0.9,0.33,0.0,Normal
65.15,53.04,66.48,68.6,68.52,70.05,0.29,1.0,0.0,0.9,0.2,0.0,Normal
58.93,53.04,56.63,69.12,68.92,72.69,0.29,1.0,0.0,0.9,0.31,0.0,Normal
57.12,53.04,55.04,64.72,65.64,70.96,0.47,1.0,0.0,0.9,0.35,0.0,Normal
72.67,72.5,72.5,60.38,74.05,72.28,0.1,0.15,1.0,0.1,0.0,0.23,Normal
64.7,53.04,68.77,62.33,63.42,71.07,0.5,1.0,0.0,0.9,0.0,0.0,Normal
63.68,53.04,72.5,61.17,62.55,69.55,0.34,1.0,0.0,0.9,0.0,0.0,Normal
54.35,53.04,55.04,69.72,69.45,71.06,0.31,1.0,0.0,0.9,0.31,0.0,Normal
72.23,72.5,72.5,59.51,73.76,72.05,0.1,0.15,1.0,0.1,0.0,0.25,Normal
72.58,72.5,72.5,53.71,74.06,71.77,0.1,0.15,1.0,0.1,0.0,0.22,Normal
61.5,53.04,72.5,58.78,60.41,73.11,0.37,1.0,0.0,0.9,0.0,0.0,Normal
72.23,72.5,72.5,59.46,73.79,72.06,0.1,0.15,1.0,0.1,0.0,0.25,Normal
55.94,53.04,55.04,71.35,70.43,71.57,0.35,1.0,0.0,0.9,0.37,0.0,Normal
62.49,53.04,72.5,60.32,61.93,72.83,0.43,1.0,0.0,0.9,0.0,0.0,Normal
64.17,53.04,65.72,63.92,64.5,71.39,0.49,1.0,0.0,0.9,0.16,0.0,Normal
63.64,53.04,72.5,61.8,62.65,69.53,0.33,1.0,0.0,0.9,0.0,0.0,Normal
63.81,53.04,72.5,61.5,62.77,69.62,0.37,1.0,0.0,0.9,0.0,0.0,Normal
64.61,53.04,70.26,62.76,63.35,70.55,0.5,1.0,0.0,0.9,0.0,0.0,Normal
66.98,53.04,72.5,66.09,66.36,74.36,0.47,1.0,0.0,0.9,0.0,0.0,Normal
72.22,72.5,72.5,54.2,73.27,71.77,0.1,0.15,1.0,0.1,0.0,0.25,Normal
61.82,53.04,72.5,58.29,60.25,73.05,0.39,1.0,0.0,0.9,0.0,0.0,Normal
57.08,53.04,55.12,65.07,65.81,70.82,0.46,1.0,0.0,0.9,0.36,0.0,Normal
58.62,53.04,59.15,66.67,66.69,70.99,0.4,1.0,0.0,0.9,0.27,0.0,Normal
58.08,53.04,58.46,66.35,66.45,71.16,0.42,1.0,0.0,0.9,0.29,0.0,Normal
55.15,53.04,55.04,72.34,72.91,68.83,0.43,0.11,1.0,0.1,0.39,0.0,Normal
54.67,53.04,55.04,69.66,69.48,69.81,0.38,1.0,0.0,0.9,0.35,0.0,Normal
57.64,53.04,58.19,67.3,67.08,71.12,0.41,1.0,0.0,0.9,0.28,0.0,Normal
54.33,53.04,55.04,70.01,69.83,70.18,0.33,1.0,0.0,0.9,0.34,0.0,Normal
55.29,53.04,55.04,74.54,73.13,68.76,0.43,0.11,1.0,0.1,0.39,0.0,Normal
55.53,53.04,56.34,69.65,69.33,71.21,0.26,1.0,0.0,0.9,0.28,0.0,Normal
56.01,53.04,55.04,72.39,73.89,70.42,0.4,0.11,1.0,0.1,0.4,0.0,Normal
57.32,53.04,55.04,66.83,66.92,71.26,0.41,1.0,0.0,0.9,0.34,0.0,Normal
54.39,53.04,55.04,68.94,69.03,71.06,0.29,1.0,0.0,0.9,0.31,0.0,Normal
55.34,53.04,55.04,73.56,72.76,68.34,0.45,0.11,1.0,0.1,0.41,0.0,Normal
58.59,53.04,58.65,64.81,65.46,70.56,0.45,1.0,0.0,0.9,0.3,0.0,Normal
58.23,53.04,57.76,66.09,66.58,71.24,0.42,1.0,0.0,0.9,0.32,0.0,Normal
62.02,53.04,63.63,69.13,69.02,69.79,0.25,1.0,0.0,0.9,0.19,0.0,Normal
56.84,53.04,55.04,68.05,68.56,72.14,0.37,1.0,0.0,0.9,0.34,0.0,Normal
72.36,72.5,72.5,59.39,73.75,72.05,0.1,0.15,1.0,0.1,0.0,0.24,Normal
64.0,53.04,71.82,62.75,63.65,72.1,0.5,1.0,0.0,0.9,0.0,0.0,Normal
54.39,53.04,55.04,71.22,70.35,69.18,0.37,1.0,0.0,0.9,0.37,0.0,Normal
56.53,53.04,56.28,66.09,66.38,70.5,0.41,1.0,0.0,0.9,0.32,0.0,Normal
66.72,53.04,68.67,68.31,68.39,70.51,0.3,1.0,0.0,0.9,0.14,0.0,Normal
56.98,53.04,55.04,68.22,68.64,72.23,0.38,1.0,0.0,0.9,0.35,0.0,Normal
61.23,53.04,61.24,65.85,66.2,71.43,0.43,1.0,0.0,0.9,0.28,0.0,Normal
65.52,53.04,67.15,68.55,68.48,70.24,0.29,1.0,0.0,0.9,0.17,0.0,Normal
72.59,72.5,72.5,60.09,73.82,72.14,0.1,0.15,1.0,0.1,0.0,0.24,Normal
67.01,53.04,68.85,68.21,68.33,70.58,0.31,1.0,0.0,0.9,0.14,0.0,Normal
55.69,53.04,55.04,72.25,73.21,69.38,0.42,0.11,1.0,0.1,0.4,0.0,Normal
55.7,53.04,55.04,71.44,70.69,71.27,0.39,1.0,0.0,0.9,0.38,0.0,Normal
56.81,53.04,55.13,65.5,66.15,70.68,0.44,1.0,0.0,0.9,0.36,0.0,Normal
58.03,53.04,57.41,65.4,65.51,70.3,0.44,1.0,0.0,0.9,0.33,0.0,Normal
64.76,53.04,68.44,63.64,64.48,72.35,0.5,1.0,0.0,0.9,0.0,0.0,Normal
62.57,53.04,72.5,58.21,60.08,75.31,0.35,1.0,0.0,0.9,0.0,0.0,Normal
55.77,53.04,55.04,73.69,72.76,68.38,0.45,0.11,1.0,0.1,0.43,0.0,Normal
72.46,72.5,72.5,59.22,73.98,72.05,0.1,0.15,1.0,0.1,0.0,0.23,Normal
57.89,53.04,57.92,65.36,66.11,70.81,0.43,1.0,0.0,0.9,0.3,0.0,Normal
54.57,53.04,55.04,71.32,72.14,68.01,0.43,0.11,1.0,0.1,0.38,0.0,Normal
64.5,53.04,66.15,63.24,64.29,71.43,0.49,1.0,0.0,0.9,0.13,0.0,Normal
54.67,53.04,55.04,70.28,70.96,68.08,0.42,1.0,0.0,0.9,0.38,0.0,Normal
62.67,53.04,72.5,60.07,61.94,72.8,0.44,1.0,0.0,0.9,0.0,0.0,Normal
69.19,53.04,72.5,64.35,65.35,76.67,0.31,1.0,0.0,0.9,0.0,0.0,Normal
64.1,53.04,71.52,63.17,63.53,72.11,0.5,1.0,0.0,0.9,0.0,0.0,Normal
72.31,72.5,72.5,53.78,73.44,71.78,0.1,0.15,1.0,0.1,0.0,0.24,Normal
65.96,53.04,58.87,63.02,64.3,73.1,0.5,1.0,0.0,0.9,0.39,0.0,Normal
57.7,53.04,55.29,66.63,66.64,71.25,0.42,1.0,0.0,0.9,0.35,0.0,Normal
67.89,53.04,65.06,67.06,67.23,73.69,0.48,1.0,0.0,0.9,0.15,0.0,Normal
65.3,53.04,66.65,68.55,68.53,70.12,0.29,1.0,0.0,0.9,0.19,0.0,Normal
62.48,53.04,72.5,58.19,60.19,75.2,0.34,1.0,0.0,0.9,0.0,0.0,Normal
62.01,53.04,58.76,66.81,67.28,73.68,0.49,1.0,0.0,0.9,0.25,0.0,Normal
67.13,53.04,72.5,64.56,65.87,75.41,0.42,1.0,0.0,0.9,0.0,0.0,Normal
54.46,53.04,55.04,70.08,69.54,69.83,0.35,1.0,0.0,0.9,0.35,0.0,Normal
56.67,53.04,56.12,65.71,66.02,70.61,0.45,1.0,0.0,0.9,0.33,0.0,Normal
67.3,53.04,72.5,65.14,66.28,73.87,0.49,1.0,0.0,0.9,0.0,0.0,Normal
54.7,53.04,55.04,69.92,69.66,71.08,0.31,1.0,0.0,0.9,0.33,0.0,Normal
65.33,53.04,60.19,64.22,64.8,73.06,0.5,1.0,0.0,0.9,0.29,0.0,Normal
72.52,72.5,72.5,54.36,73.9,71.98,0.1,0.15,1.0,0.1,0.0,0.24,Normal
67.31,53.04,72.5,64.11,65.69,75.93,0.4,1.0,0.0,0.9,0.0,0.0,Normal
56.06,53.04,55.04,70.23,70.17,71.34,0.4,1.0,0.0,0.9,0.4,0.0,Normal
67.9,53.04,61.81,67.35,67.36,73.78,0.47,1.0,0.0,0.9,0.34,0.0,Normal
61.77,53.04,72.5,58.57,59.76,74.37,0.33,1.0,0.0,0.9,0.0,0.0,Normal
71.51,62.28,72.5,63.36,74.16,76.12,0.1,0.67,0.39,0.59,0.0,0.0,Normal
54.13,53.04,55.04,71.78,71.12,70.93,0.3,1.0,0.0,0.9,0.31,0.0,Normal
71.09,53.04,72.5,64.61,66.1,75.79,0.17,1.0,0.0,0.9,0.0,0.0,Normal
56.3,53.04,55.04,73.61,72.76,68.41,0.46,0.11,1.0,0.1,0.47,0.0,Normal
59.83,53.04,56.46,65.62,66.11,71.89,0.47,1.0,0.0,0.9,0.31,0.0,Normal
61.84,53.04,72.5,57.2,59.68,74.46,0.32,1.0,0.0,0.9,0.0,0.0,Normal
55.0,53.04,55.04,70.87,70.69,71.08,0.32,1.0,0.0,0.9,0.35,0.0,Normal
54.29,53.04,55.04,69.56,69.39,69.87,0.36,1.0,0.0,0.9,0.35,0.0,Normal
54.98,53.04,55.04,70.96,70.52,71.11,0.32,1.0,0.0,0.9,0.35,0.0,Normal
55.67,53.04,55.04,72.47,72.48,68.27,0.46,0.1,1.0,0.1,0.45,0.0,Normal
56.93,53.04,56.25,64.78,65.58,70.52,0.45,1.0,0.0,0.9,0.33,0.0,Normal
71.48,61.3,72.5,63.52,72.86,76.35,0.1,0.74,0.31,0.65,0.0,0.0,Normal
67.5,53.04,70.58,66.63,67.06,73.59,0.46,1.0,0.0,0.9,0.0,0.0,Normal
57.21,53.04,57.66,65.64,65.84,70.59,0.45,1.0,0.0,0.9,0.31,0.0,Normal
57.07,53.04,55.04,67.3,67.14,71.33,0.41,1.0,0.0,0.9,0.33,0.0,Normal
57.2,53.04,58.87,69.44,69.23,70.71,0.27,1.0,0.0,0.9,0.21,0.0,Normal
57.42,53.04,55.04,68.69,68.68,72.43,0.35,1.0,0.0,0.9,0.34,0.0,Normal
59.16,53.04,59.73,66.24,66.6,71.18,0.4,1.0,0.0,0.9,0.27,0.0,Normal
62.93,53.04,64.5,64.43,64.93,71.37,0.49,1.0,0.0,0.9,0.18,0.0,Normal
72.65,72.5,72.5,60.31,73.91,72.26,0.1,0.15,1.0,0.1,0.0,0.23,Normal
60.82,53.04,56.64,65.7,65.83,72.01,0.48,1.0,0.0,0.9,0.33,0.0,Normal
72.55,72.5,72.5,53.67,74.05,71.77,0.1,0.15,1.0,0.1,0.0,0.22,Normal
54.2,53.04,55.04,70.14,69.77,69.87,0.39,1.0,0.0,0.9,0.36,0.0,Normal
63.33,53.04,72.5,60.9,62.31,70.11,0.19,1.0,0.0,0.9,0.0,0.0,Normal
54.13,53.04,55.04,70.07,69.93,69.5,0.38,1.0,0.0,0.9,0.35,0.0,Normal
57.87,53.04,58.12,64.81,65.44,70.52,0.45,1.0,0.0,0.9,0.29,0.0,Normal
54.91,53.04,55.04,72.55,72.2,67.71,0.47,0.1,1.0,0.1,0.41,0.0,Normal
63.42,53.04,72.5,60.66,62.27,69.92,0.21,1.0,0.0,0.9,0.0,0.0,Normal
57.63,53.04,56.64,65.5,66.2,70.83,0.43,1.0,0.0,0.9,0.37,0.0,Normal
55.96,53.04,55.04,72.43,74.04,70.61,0.39,0.11,1.0,0.1,0.39,0.0,Normal
65.14,53.04,66.75,62.02,63.45,72.56,0.5,1.0,0.0,0.9,0.0,0.0,Normal
72.66,72.5,72.5,54.56,73.98,72.2,0.1,0.15,1.0,0.1,0.0,0.23,Normal
62.77,53.04,72.5,60.7,61.82,72.68,0.45,1.0,0.0,0.9,0.0,0.0,Normal
54.21,53.04,55.04,73.58,72.31,67.79,0.45,0.11,1.0,0.1,0.38,0.0,Normal
63.4,53.04,64.74,63.98,64.74,71.36,0.48,1.0,0.0,0.9,0.18,0.0,Normal
72.73,72.5,72.5,55.49,74.68,73.06,0.1,0.15,1.0,0.1,0.0,0.21,Normal
64.67,53.04,59.51,67.67,67.48,73.81,0.47,1.0,0.0,0.9,0.34,0.0,Normal
54.37,53.04,55.04,70.5,70.1,71.14,0.32,1.0,0.0,0.9,0.32,0.0,Normal
61.47,53.04,72.5,59.14,60.57,73.12,0.37,1.0,0.0,0.9,0.0,0.0,Normal
58.69,53.04,55.53,66.55,66.51,71.7,0.44,1.0,0.0,0.9,0.34,0.0,Normal
55.06,53.04,55.04,71.96,72.1,67.76,0.46,0.1,1.0,0.1,0.41,0.0,Normal
72.75,72.5,72.5,60.73,74.3,72.46,0.1,0.15,1.0,0.1,0.0,0.22,Normal
64.58,53.04,70.85,62.14,63.23,70.41,0.5,1.0,0.0,0.9,0.0,0.0,Normal
59.96,53.04,56.44,64.46,64.81,72.99,0.5,1.0,0.0,0.9,0.26,0.0,Normal
72.9,72.5,72.5,54.97,74.06,72.67,0.1,0.15,1.0,0.1,0.0,0.21,Normal
57.44,53.04,55.04,68.02,68.48,72.4,0.38,1.0,0.0,0.9,0.34,0.0,Normal
54.34,53.04,55.04,72.07,72.17,68.02,0.43,0.11,1.0,0.1,0.37,0.0,Normal
55.43,53.04,55.04,73.61,73.04,68.66,0.44,0.11,1.0,0.1,0.41,0.0,Normal
69.9,53.04,72.5,63.51,65.34,76.56,0.28,1.0,0.0,0.9,0.0,0.0,Normal
55.62,53.04,55.04,73.54,72.8,68.45,0.45,0.11,1.0,0.1,0.43,0.0,Normal
58.42,53.04,58.82,65.29,65.69,70.54,0.44,1.0,0.0,0.9,0.29,0.0,Normal
54.5,53.04,55.04,69.89,69.79,71.08,0.32,1.0,0.0,0.9,0.32,0.0,Normal
63.76,53.04,72.5,62.08,62.76,69.6,0.36,1.0,0.0,0.9,0.0,0.0,Normal
54.2,53.04,55.04,70.17,69.92,69.41,0.39,1.0,0.0,0.9,0.36,0.0,Normal
72.48,72.5,72.5,59.95,73.77,72.08,0.1,0.15,1.0,0.1,0.0,0.24,Normal
70.45,53.04,72.5,56.37,60.63,76.85,0.22,1.0,0.0,0.9,0.0,0.0,Normal
70.82,53.04,72.5,56.76,61.07,76.7,0.2,1.0,0.0,0.9,0.0,0.0,Normal
56.48,53.04,55.73,66.32,66.49,70.62,0.4,1.0,0.0,0.9,0.32,0.0,Normal
55.62,53.04,55.04,74.07,73.12,68.76,0.43,0.11,1.0,0.1,0.41,0.0,Normal
72.04,64.48,72.5,56.32,76.38,77.26,0.1,0.48,0.61,0.41,0.0,0.0,Normal
54.16,53.04,55.04,70.57,70.07,68.61,0.38,1.0,0.0,0.9,0.36,0.0,Normal
62.17,53.04,58.86,66.97,67.83,73.0,0.38,1.0,0.0,0.9,0.3,0.0,Normal
72.18,72.5,72.5,59.65,73.89,72.05,0.1,0.15,1.0,0.1,0.0,0.26,Normal
54.23,53.04,55.04,71.57,72.41,68.37,0.43,0.11,1.0,0.1,0.37,0.0,Normal
55.4,53.04,55.04,73.82,72.95,68.62,0.44,0.11,1.0,0.1,0.4,0.0,Normal
68.55,53.04,72.5,64.16,65.28,76.63,0.34,1.0,0.0,0.9,0.0,0.0,Normal
64.56,53.04,69.17,63.58,64.13,72.29,0.5,1.0,0.0,0.9,0.0,0.0,Normal
67.88,53.04,62.12,66.01,67.04,73.8,0.48,1.0,0.0,0.9,0.32,0.0,Normal
62.89,53.04,72.5,60.96,62.24,72.55,0.44,1.0,0.0,0.9,0.0,0.0,Normal
72.49,72.5,72.5,59.17,73.97,72.05,0.1,0.15,1.0,0.1,0.0,0.23,Normal
61.49,53.04,72.5,57.85,59.78,73.66,0.35,1.0,0.0,0.9,0.0,0.0,Normal
64.36,53.04,72.5,62.05,63.11,69.98,0.47,1.0,0.0,0.9,0.0,0.0,Normal
66.02,53.04,68.21,68.65,68.52,70.41,0.29,1.0,0.0,0.9,0.15,0.0,Normal
57.78,53.04,57.31,64.64,65.23,70.33,0.46,1.0,0.0,0.9,0.33,0.0,Normal
54.37,53.04,55.04,71.81,71.17,70.94,0.31,1.0,0.0,0.9,0.32,0.0,Normal
72.2,72.5,72.5,59.59,73.78,72.06,0.1,0.15,1.0,0.1,0.0,0.25,Normal
55.56,53.04,55.04,71.74,71.52,71.22,0.35,0.71,0.33,0.64,0.38,0.0,Normal
54.01,53.04,55.04,70.24,69.8,70.04,0.33,1.0,0.0,0.9,0.33,0.0,Normal
57.65,53.04,56.64,66.09,66.15,70.78,0.44,1.0,0.0,0.9,0.36,0.0,Normal
55.69,53.04,55.04,73.29,72.72,68.41,0.45,0.11,1.0,0.1,0.43,0.0,Normal
56.33,53.04,55.04,70.17,69.79,71.7,0.32,1.0,0.0,0.9,0.36,0.0,Normal
61.84,53.04,72.5,60.48,61.34,73.04,0.39,1.0,0.0,0.9,0.0,0.0,Normal
67.62,53.04,72.5,64.83,65.61,76.35,0.38,1.0,0.0,0.9,0.0,0.0,Normal
62.79,53.04,72.5,60.05,61.56,72.73,0.45,1.0,0.0,0.9,0.0,0.0,Normal
72.55,72.5,72.5,59.11,74.2,72.04,0.1,0.15,1.0,0.1,0.0,0.23,Normal
67.82,53.04,69.93,67.96,68.09,70.78,0.33,1.0,0.0,0.9,0.11,0.0,Normal
62.84,53.04,72.5,58.02,59.86,75.57,0.34,1.0,0.0,0.9,0.0,0.0,Normal
54.65,53.04,55.04,71.12,70.38,70.32,0.31,1.0,0.0,0.9,0.35,0.0,Normal
71.63,66.44,72.5,63.14,75.01,74.26,0.1,0.32,0.8,0.26,0.0,0.0,Normal
56.41,53.04,56.31,65.8,66.34,70.57,0.41,1.0,0.0,0.9,0.31,0.0,Normal
54.07,53.04,55.04,71.76,71.13,70.9,0.31,1.0,0.0,0.9,0.31,0.0,Normal
64.91,53.04,67.11,63.25,64.27,71.51,0.49,1.0,0.0,0.9,0.1,0.0,Normal
64.71,53.04,72.5,57.5,59.91,76.51,0.34,1.0,0.0,0.9,0.0,0.0,Normal
62.7,53.04,72.5,57.58,59.8,75.44,0.35,1.0,0.0,0.9,0.0,0.0,Normal
72.34,72.5,72.5,53.76,73.65,71.77,0.1,0.15,1.0,0.1,0.0,0.24,Normal
57.23,53.04,55.04,65.1,65.84,70.89,0.45,1.0,0.0,0.9,0.36,0.0,Normal
55.55,53.04,55.04,70.53,70.18,71.63,0.38,1.0,0.0,0.9,0.36,0.0,Normal
64.94,53.04,67.64,62.56,63.88,71.49,0.5,1.0,0.0,0.9,0.08,0.0,Normal
67.27,53.04,72.5,65.73,66.26,73.95,0.5,1.0,0.0,0.9,0.0,0.0,Normal
67.86,53.04,67.73,66.52,66.94,73.69,0.5,1.0,0.0,0.9,0.02,0.0,Normal
72.52,72.5,72.5,59.13,74.15,72.05,0.1,0.15,1.0,0.1,0.0,0.23,Normal
55.32,53.04,55.04,73.56,72.97,68.69,0.44,0.11,1.0,0.1,0.4,0.0,Normal
58.36,53.04,55.45,66.3,66.59,71.7,0.44,1.0,0.0,0.9,0.33,0.0,Normal
64.01,53.04,65.57,63.75,64.47,71.36,0.49,1.0,0.0,0.9,0.18,0.0,Normal
54.38,53.04,55.04,72.61,72.13,67.71,0.46,0.1,1.0,0.1,0.38,0.0,Normal
56.09,53.04,55.04,71.64,72.42,68.45,0.42,0.11,1.0,0.1,0.45,0.0,Normal
72.52,70.28,72.5,56.15,77.18,75.56,0.1,0.15,1.0,0.1,0.0,0.06,Normal
56.42,53.04,56.25,66.36,66.33,70.54,0.43,1.0,0.0,0.9,0.31,0.0,Normal
55.61,53.04,55.04,73.62,72.77,68.38,0.45,0.11,1.0,0.1,0.42,0.0,Normal
63.54,53.04,72.5,62.02,62.82,69.55,0.3,1.0,0.0,0.9,0.0,0.0,Normal
62.15,53.04,72.5,60.0,61.31,72.93,0.41,1.0,0.0,0.9,0.0,0.0,Normal
54.55,53.04,55.04,72.61,72.26,67.98,0.44,0.11,1.0,0.1,0.39,0.0,Normal
55.54,53.04,55.04,73.44,72.74,68.35,0.45,0.11,1.0,0.1,0.42,0.0,Normal
62.05,53.04,72.5,58.88,60.93,72.99,0.4,1.0,0.0,0.9,0.0,0.0,Normal
55.33,53.04,55.04,73.7,72.54,68.03,0.45,0.11,1.0,0.1,0.42,0.0,Normal
54.97,53.04,55.04,69.81,69.72,71.1,0.3,1.0,0.0,0.9,0.34,0.0,Normal
54.57,53.04,55.04,72.57,72.11,67.7,0.46,0.1,1.0,0.1,0.39,0.0,Normal
56.7,53.04,55.34,64.63,65.43,70.6,0.46,1.0,0.0,0.9,0.34,0.0,Normal
54.49,53.04,55.04,68.79,68.99,71.07,0.32,1.0,0.0,0.9,0.31,0.0,Normal
72.61,72.5,72.5,59.07,74.21,72.04,0.1,0.15,1.0,0.1,0.0,0.22,Normal
72.45,72.5,72.5,59.3,74.06,72.05,0.1,0.15,1.0,0.1,0.0,0.23,Normal
66.53,53.04,68.48,68.58,68.42,70.47,0.3,1.0,0.0,0.9,0.14,0.0,Normal
56.27,53.04,55.04,69.89,69.59,71.82,0.39,1.0,0.0,0.9,0.37,0.0,Normal
61.39,53.04,61.52,65.55,66.26,71.64,0.4,1.0,0.0,0.9,0.27,0.0,Normal
64.11,53.04,70.87,61.42,62.77,72.17,0.5,1.0,0.0,0.9,0.0,0.0,Normal
58.37,53.04,56.31,68.57,68.8,72.67,0.37,1.0,0.0,0.9,0.3,0.0,Normal
56.77,53.04,55.04,66.72,66.88,71.23,0.41,1.0,0.0,0.9,0.33,0.0,Normal
63.3,53.04,72.5,60.74,62.22,70.26,0.18,1.0,0.0,0.9,0.0,0.0,Normal
72.78,72.5,72.5,54.67,74.28,72.41,0.1,0.15,1.0,0.1,0.0,0.22,Normal
61.79,53.04,72.5,58.75,60.38,73.04,0.39,1.0,0.0,0.9,0.0,0.0,Normal
57.53,53.04,55.04,68.5,68.58,72.35,0.38,1.0,0.0,0.9,0.36,0.0,Normal
57.08,53.04,57.08,65.78,66.15,70.4,0.42,1.0,0.0,0.9,0.3,0.0,Normal
71.36,56.35,72.5,63.49,67.18,76.43,0.1,1.0,0.0,0.9,0.0,0.0,Normal
63.24,53.04,72.5,60.22,62.17,70.5,0.15,1.0,0.0,0.9,0.0,0.0,Normal
56.13,53.04,55.04,70.19,70.16,71.36,0.41,1.0,0.0,0.9,0.4,0.0,Normal
72.61,72.5,72.5,60.22,73.91,72.18,0.1,0.15,1.0,0.1,0.0,0.23,Normal
54.19,53.04,55.04,70.58,70.05,69.87,0.39,1.0,0.0,0.9,0.36,0.0,Normal
64.18,53.04,72.5,61.83,62.78,69.78,0.43,1.0,0.0,0.9,0.0,0.0,Normal
56.49,53.04,55.04,73.72,72.98,68.69,0.46,0.11,1.0,0.1,0.48,0.0,Normal
63.02,53.04,59.24,66.79,67.27,73.08,0.45,1.0,0.0,0.9,0.28,0.0,Normal
64.9,53.04,63.61,63.53,64.14,72.84,0.5,1.0,0.0,0.9,0.06,0.0,Normal
54.36,53.04,55.04,73.15,72.32,67.82,0.45,0.11,1.0,0.1,0.38,0.0,Normal
72.16,72.5,72.5,53.98,73.52,71.76,0.1,0.15,1.0,0.1,0.0,0.25,Normal
57.02,53.04,55.04,66.77,67.0,71.35,0.42,1.0,0.0,0.9,0.33,0.0,Normal
55.27,53.04,56.33,69.52,69.29,71.19,0.26,1.0,0.0,0.9,0.27,0.0,Normal
67.49,53.04,72.5,64.9,65.79,76.27,0.39,1.0,0.0,0.9,0.0,0.0,Normal
59.62,53.04,55.94,65.74,66.23,71.79,0.46,1.0,0.0,0.9,0.32,0.0,Normal
56.82,53.04,55.04,69.06,68.75,72.09,0.36,1.0,0.0,0.9,0.35,0.0,Normal
64.29,53.04,69.95,62.63,63.72,72.19,0.5,1.0,0.0,0.9,0.0,0.0,Normal
58.24,53.04,58.18,65.69,66.28,71.2,0.44,1.0,0.0,0.9,0.31,0.0,Normal
72.59,72.5,72.5,59.03,74.05,72.04,0.1,0.15,1.0,0.1,0.0,0.22,Normal
60.42,53.04,61.09,65.9,66.31,71.27,0.42,1.0,0.0,0.9,0.25,0.0,Normal
54.16,53.04,55.04,69.88,69.64,70.14,0.35,1.0,0.0,0.9,0.33,0.0,Normal
58.1,53.04,58.7,65.39,66.14,71.1,0.46,1.0,0.0,0.9,0.28,0.0,Normal
54.25,53.04,55.04,71.79,70.93,70.65,0.31,1.0,0.0,0.9,0.32,0.0,Normal
59.69,53.04,56.24,65.6,66.06,71.88,0.5,1.0,0.0,0.9,0.31,0.0,Normal
72.35,72.5,72.5,53.75,73.69,71.77,0.1,0.15,1.0,0.1,0.0,0.23,Normal
59.06,53.04,59.61,66.66,66.86,71.2,0.38,1.0,0.0,0.9,0.26,0.0,Normal
64.1,53.04,72.5,61.67,62.66,69.73,0.42,1.0,0.0,0.9,0.0,0.0,Normal
59.14,53.04,59.21,66.06,66.42,71.13,0.43,1.0,0.0,0.9,0.28,0.0,Normal
67.41,53.04,72.5,65.15,66.14,76.17,0.39,1.0,0.0,0.9,0.0,0.0,Normal
57.52,53.04,57.19,66.25,66.21,70.7,0.44,1.0,0.0,0.9,0.33,0.0,Normal
57.94,53.04,55.06,66.18,66.09,71.33,0.47,1.0,0.0,0.9,0.35,0.0,Normal
72.59,72.5,72.5,53.67,74.14,71.77,0.1,0.15,1.0,0.1,0.0,0.22,Normal
57.11,53.04,55.04,66.29,66.95,71.32,0.41,1.0,0.0,0.9,0.33,0.0,Normal
63.52,53.04,72.5,61.67,62.84,69.57,0.29,1.0,0.0,0.9,0.0,0.0,Normal
58.27,53.04,55.77,67.78,68.09,72.61,0.4,1.0,0.0,0.9,0.33,0.0,Normal
54.61,53.04,55.04,69.92,69.89,71.06,0.3,1.0,0.0,0.9,0.32,0.0,Normal
66.95,53.04,72.5,64.88,65.84,74.61,0.47,1.0,0.0,0.9,0.0,0.0,Normal
64.93,53.04,67.66,63.28,63.99,71.51,0.5,1.0,0.0,0.9,0.07,0.0,Normal
67.07,53.04,72.5,64.68,65.52,74.91,0.45,1.0,0.0,0.9,0.0,0.0,Normal
61.44,53.04,72.5,58.72,60.27,73.25,0.36,1.0,0.0,0.9,0.0,0.0,Normal
57.13,53.04,57.55,69.96,69.5,71.37,0.27,1.0,0.0,0.9,0.29,0.0,Normal
56.13,53.04,55.04,69.84,69.6,71.74,0.39,1.0,0.0,0.9,0.37,0.0,Normal
60.67,53.04,56.65,64.82,65.26,72.34,0.5,1.0,0.0,0.9,0.28,0.0,Normal
62.17,53.04,72.5,59.65,61.01,72.9,0.42,1.0,0.0,0.9,0.0,0.0,Normal
54.24,53.04,55.04,70.73,69.89,69.88,0.39,1.0,0.0,0.9,0.36,0.0,Normal
62.97,53.04,72.5,60.48,61.91,72.48,0.44,1.0,0.0,0.9,0.0,0.0,Normal
62.63,53.04,72.5,60.85,61.8,72.81,0.43,1.0,0.0,0.9,0.0,0.0,Normal
54.4,53.04,55.04,69.77,69.88,71.12,0.33,1.0,0.0,0.9,0.32,0.0,Normal
54.17,53.04,55.67,69.35,69.18,71.1,0.27,1.0,0.0,0.9,0.26,0.0,Normal
61.37,53.04,72.5,57.58,59.77,73.53,0.35,1.0,0.0,0.9,0.0,0.0,Normal
72.59,72.5,72.5,59.04,74.09,72.04,0.1,0.15,1.0,0.1,0.0,0.23,Normal
72.38,72.5,72.5,59.87,73.74,72.06,0.1,0.15,1.0,0.1,0.0,0.25,Normal
72.61,72.5,72.5,59.08,74.31,72.04,0.1,0.15,1.0,0.1,0.0,0.22,Normal
61.58,53.04,72.5,59.8,60.97,73.06,0.37,1.0,0.0,0.9,0.0,0.0,Normal
72.57,72.5,72.5,59.1,74.28,72.04,0.1,0.15,1.0,0.1,0.0,0.23,Normal
63.32,53.04,72.5,60.81,62.29,70.16,0.19,1.0,0.0,0.9,0.0,0.0,Normal
65.08,53.04,66.36,68.55,68.52,70.0,0.28,1.0,0.0,0.9,0.21,0.0,Normal
71.54,53.53,72.5,56.54,63.22,76.73,0.11,1.0,0.0,0.9,0.0,0.0,Normal
56.77,53.04,56.82,64.82,65.42,70.37,0.45,1.0,0.0,0.9,0.3,0.0,Normal
65.18,53.04,61.24,62.42,63.98,73.0,0.5,1.0,0.0,0.9,0.2,0.0,Normal
57.46,53.04,56.64,64.81,65.42,70.53,0.47,1.0,0.0,0.9,0.36,0.0,Normal
71.42,58.59,72.5,63.4,69.15,76.73,0.1,0.98,0.02,0.88,0.0,0.0,Normal
60.25,53.04,56.66,65.35,65.91,71.96,0.49,1.0,0.0,0.9,0.32,0.0,Normal
60.77,53.04,62.94,69.22,69.11,69.86,0.26,1.0,0.0,0.9,0.17,0.0,Normal
60.06,53.04,56.86,67.21,67.71,72.82,0.4,1.0,0.0,0.9,0.33,0.0,Normal
56.72,53.04,55.3,66.01,66.29,70.69,0.42,1.0,0.0,0.9,0.36,0.0,Normal
62.43,53.04,72.5,60.55,61.82,72.83,0.43,1.0,0.0,0.9,0.0,0.0,Normal
64.74,53.04,68.4,62.63,63.48,71.27,0.5,1.0,0.0,0.9,0.01,0.0,Normal
55.48,53.04,55.04,72.57,73.14,69.16,0.43,0.11,1.0,0.1,0.4,0.0,Normal
54.69,53.04,55.04,69.55,69.21,71.02,0.28,1.0,0.0,0.9,0.32,0.0,Normal
72.8,72.5,72.5,61.99,74.36,73.07,0.1,0.15,1.0,0.1,0.0,0.21,Normal
72.77,72.5,72.5,55.27,74.48,72.89,0.1,0.15,1.0,0.1,0.0,0.22,Normal
54.79,53.04,55.04,71.7,72.18,68.04,0.42,0.11,1.0,0.1,0.39,0.0,Normal
62.01,53.04,72.5,59.76,61.09,73.0,0.4,1.0,0.0,0.9,0.0,0.0,Normal
68.0,53.04,63.34,66.55,67.36,73.75,0.46,1.0,0.0,0.9,0.24,0.0,Normal
58.31,53.04,58.66,65.35,66.24,71.01,0.42,1.0,0.0,0.9,0.27,0.0,Normal
64.36,53.04,66.04,62.71,64.02,71.41,0.5,1.0,0.0,0.9,0.15,0.0,Normal
72.49,72.5,72.5,54.31,73.63,71.94,0.1,0.15,1.0,0.1,0.0,0.24,Normal
54.82,53.04,55.04,69.91,69.72,71.08,0.3,1.0,0.0,0.9,0.34,0.0,Normal
69.41,53.04,72.5,56.39,60.22,77.04,0.26,1.0,0.0,0.9,0.0,0.0,Normal
54.4,53.04,55.88,69.38,69.15,71.12,0.28,1.0,0.0,0.9,0.26,0.0,Normal
55.79,53.04,55.04,72.27,73.17,69.33,0.43,0.11,1.0,0.1,0.4,0.0,Normal
55.44,53.04,55.04,72.71,72.98,68.91,0.43,0.11,1.0,0.1,0.39,0.0,Normal
57.85,53.04,55.54,68.9,68.79,72.44,0.35,1.0,0.0,0.9,0.34,0.0,Normal
64.24,53.04,72.5,61.84,62.88,69.83,0.45,1.0,0.0,0.9,0.0,0.0,Normal
61.41,53.04,72.5,57.21,59.51,73.58,0.34,1.0,0.0,0.9,0.0,0.0,Normal
58.18,53.04,58.63,65.47,65.64,70.6,0.46,1.0,0.0,0.9,0.28,0.0,Normal
72.79,72.5,72.5,60.91,74.3,72.53,0.1,0.15,1.0,0.1,0.0,0.22,Normal
59.58,53.04,56.04,66.23,66.48,71.8,0.44,1.0,0.0,0.9,0.33,0.0,Normal
61.5,53.04,61.41,66.16,66.47,71.48,0.4,1.0,0.0,0.9,0.28,0.0,Normal
63.22,53.04,72.5,60.31,62.32,70.62,0.14,1.0,0.0,0.9,0.0,0.0,Normal
64.89,53.04,64.47,62.23,63.65,72.76,0.5,1.0,0.0,0.9,0.03,0.0,Normal
57.2,53.04,57.56,65.05,65.85,70.61,0.44,1.0,0.0,0.9,0.3,0.0,Normal
54.23,53.04,55.04,69.89,69.97,70.49,0.35,1.0,0.0,0.9,0.33,0.0,Normal
55.99,53.04,55.04,70.49,70.31,71.54,0.38,1.0,0.0,0.9,0.38,0.0,Normal
61.14,53.04,61.77,66.76,66.72,71.68,0.4,1.0,0.0,0.9,0.25,0.0,Normal
65.86,53.04,58.07,63.41,64.39,73.13,0.5,1.0,0.0,0.9,0.43,0.0,Normal
58.0,53.04,58.32,66.16,66.65,71.14,0.4,1.0,0.0,0.9,0.28,0.0,Normal
58.62,53.04,56.63,70.22,68.97,72.67,0.36,1.0,0.0,0.9,0.31,0.0,Normal
54.94,53.04,55.04,70.54,70.46,71.07,0.32,1.0,0.0,0.9,0.35,0.0,Normal
55.76,53.04,55.04,74.13,73.12,68.79,0.43,0.11,1.0,0.1,0.41,0.0,Normal
66.82,53.04,72.5,56.65,59.81,77.04,0.31,1.0,0.0,0.9,0.0,0.0,Normal
54.51,53.04,55.04,72.92,72.21,67.74,0.46,0.1,1.0,0.1,0.4,0.0,Normal
54.38,53.04,55.04,69.71,69.42,71.08,0.31,1.0,0.0,0.9,0.31,0.0,Normal
72.74,72.5,72.5,54.61,74.11,72.32,0.1,0.15,1.0,0.1,0.0,0.23,Normal
56.53,53.04,56.02,65.53,66.12,70.59,0.44,1.0,0.0,0.9,0.33,0.0,Normal
61.51,53.04,72.5,58.25,60.29,73.1,0.37,1.0,0.0,0.9,0.0,0.0,Normal
56.3,53.04,55.04,69.85,69.64,71.78,0.37,1.0,0.0,0.9,0.38,0.0,Normal
57.79,53.04,55.04,66.03,66.17,71.55,0.48,1.0,0.0,0.9,0.33,0.0,Normal
55.9,53.04,55.04,70.98,70.45,71.54,0.38,1.0,0.0,0.9,0.38,0.0,Normal
62.03,53.04,63.21,64.7,65.51,71.68,0.47,1.0,0.0,0.9,0.22,0.0,Normal
56.92,53.04,55.04,68.37,68.49,72.01,0.38,1.0,0.0,0.9,0.36,0.0,Normal
55.75,53.04,55.04,72.14,73.29,69.59,0.42,0.11,1.0,0.1,0.4,0.0,Normal
55.83,53.04,55.04,71.26,70.59,71.42,0.4,1.0,0.0,0.9,0.38,0.0,Normal
54.34,53.04,55.04,72.45,72.18,67.74,0.46,0.1,1.0,0.1,0.39,0.0,Normal
55.97,53.04,55.04,71.81,73.55,69.98,0.42,0.11,1.0,0.1,0.4,0.0,Normal
61.35,53.04,72.5,59.49,60.4,73.48,0.35,1.0,0.0,0.9,0.0,0.0,Normal
72.42,72.5,72.5,59.33,73.9,72.06,0.1,0.15,1.0,0.1,0.0,0.23,Normal
54.89,53.04,55.04,71.1,70.76,71.1,0.32,1.0,0.0,0.9,0.34,0.0,Normal
66.45,53.04,60.16,66.07,67.18,73.83,0.47,1.0,0.0,0.9,0.4,0.0,Normal
55.0,53.04,56.14,69.5,69.2,71.16,0.27,1.0,0.0,0.9,0.27,0.0,Normal
57.3,53.04,57.9,65.91,66.26,70.83,0.44,1.0,0.0,0.9,0.29,0.0,Normal
64.95,53.04,63.43,63.12,64.16,72.88,0.5,1.0,0.0,0.9,0.09,0.0,Normal
72.73,72.5,72.5,55.59,75.05,73.21,0.1,0.15,1.0,0.1,0.0,0.21,Normal
56.73,53.04,57.04,69.93,69.46,71.38,0.25,1.0,0.0,0.9,0.29,0.0,Normal
72.68,72.5,72.5,54.54,73.8,72.23,0.1,0.15,1.0,0.1,0.0,0.23,Normal
72.6,72.5,72.5,59.11,74.16,72.04,0.1,0.15,1.0,0.1,0.0,0.22,Normal
64.61,53.04,57.78,63.73,64.53,73.14,0.5,1.0,0.0,0.9,0.42,0.0,Normal
72.25,72.5,72.5,53.9,73.58,71.76,0.1,0.15,1.0,0.1,0.0,0.24,Normal
55.64,53.04,55.04,70.54,70.26,71.6,0.38,1.0,0.0,0.9,0.36,0.0,Normal
58.28,53.04,55.81,68.03,68.35,72.54,0.37,1.0,0.0,0.9,0.33,0.0,Normal
57.5,53.04,57.1,64.54,65.22,70.35,0.47,1.0,0.0,0.9,0.32,0.0,Normal
71.98,62.94,72.5,56.57,74.64,77.51,0.1,0.61,0.46,0.53,0.0,0.0,Normal
57.82,53.04,57.7,66.06,66.14,70.69,0.42,1.0,0.0,0.9,0.33,0.0,Normal
67.04,53.04,72.5,65.84,66.43,74.25,0.46,1.0,0.0,0.9,0.0,0.0,Normal
57.78,53.04,56.99,65.19,65.69,70.56,0.47,1.0,0.0,0.9,0.35,0.0,Normal
63.26,53.04,72.5,60.31,62.2,70.45,0.16,1.0,0.0,0.9,0.0,0.0,Normal
54.58,53.04,55.04,72.19,72.19,68.02,0.44,0.11,1.0,0.1,0.38,0.0,Normal
72.77,72.5,72.5,54.67,74.29,72.38,0.1,0.15,1.0,0.1,0.0,0.22,Normal
57.86,53.04,55.17,65.12,65.98,71.46,0.47,1.0,0.0,0.9,0.33,0.0,Normal
62.94,53.04,72.5,61.7,62.82,72.51,0.44,1.0,0.0,0.9,0.0,0.0,Normal
72.51,72.5,72.5,53.65,73.81,71.77,0.1,0.15,1.0,0.1,0.0,0.23,Normal
61.63,53.04,72.5,59.65,60.89,73.07,0.37,1.0,0.0,0.9,0.0,0.0,Normal
62.06,53.04,72.5,59.24,60.96,72.98,0.41,1.0,0.0,0.9,0.0,0.0,Normal
61.05,53.04,61.2,65.64,66.3,71.36,0.42,1.0,0.0,0.9,0.27,0.0,Normal
62.13,53.04,63.1,64.62,65.31,71.61,0.47,1.0,0.0,0.9,0.21,0.0,Normal
60.98,53.04,57.27,66.91,67.56,73.06,0.43,1.0,0.0,0.9,0.34,0.0,Normal
56.45,53.04,56.92,69.59,69.35,71.32,0.27,1.0,0.0,0.9,0.3,0.0,Normal
55.57,53.04,55.04,70.37,70.13,71.62,0.38,1.0,0.0,0.9,0.36,0.0,Normal
72.22,72.5,72.5,53.89,73.48,71.78,0.1,0.15,1.0,0.1,0.0,0.25,Normal
54.4,53.04,55.04,70.4,69.68,69.83,0.39,1.0,0.0,0.9,0.36,0.0,Normal
54.32,53.04,55.04,73.06,72.33,67.79,0.47,0.1,1.0,0.1,0.39,0.0,Normal
63.19,53.04,72.5,62.21,62.65,72.31,0.48,1.0,0.0,0.9,0.0,0.0,Normal
68.02,53.04,63.11,66.81,67.15,73.79,0.5,1.0,0.0,0.9,0.26,0.0,Normal
62.06,53.04,72.5,59.71,60.96,72.98,0.4,1.0,0.0,0.9,0.0,0.0,Normal
56.97,53.04,55.04,66.55,66.93,71.32,0.42,1.0,0.0,0.9,0.33,0.0,Normal
62.78,53.04,72.5,60.0,61.52,72.69,0.45,1.0,0.0,0.9,0.0,0.0,Normal
63.19,53.04,72.5,60.59,62.06,72.46,0.46,1.0,0.0,0.9,0.0,0.0,Normal
63.4,53.04,72.5,61.79,62.77,72.27,0.48,1.0,0.0,0.9,0.0,0.0,Normal
54.7,53.04,55.73,69.17,69.15,71.14,0.27,1.0,0.0,0.9,0.26,0.0,Normal
55.89,53.04,55.04,70.51,70.33,71.6,0.38,1.0,0.0,0.9,0.37,0.0,Normal
64.78,53.04,68.26,62.72,63.56,71.44,0.5,1.0,0.0,0.9,0.03,0.0,Normal
55.33,53.04,55.04,71.37,70.94,70.99,0.31,1.0,0.0,0.9,0.36,0.0,Normal
72.47,72.5,72.5,54.37,73.68,71.91,0.1,0.15,1.0,0.1,0.0,0.24,Normal
72.8,72.5,72.5,61.93,74.27,73.03,0.1,0.15,1.0,0.1,0.0,0.21,Normal
72.87,72.5,72.5,54.99,74.03,72.69,0.1,0.15,1.0,0.1,0.0,0.21,Normal
72.59,72.5,72.5,53.69,74.19,71.76,0.1,0.15,1.0,0.1,0.0,0.22,Normal
57.99,53.04,58.07,66.22,66.36,70.81,0.41,1.0,0.0,0.9,0.3,0.0,Normal
54.67,53.04,55.04,72.46,72.28,68.08,0.44,0.11,1.0,0.1,0.4,0.0,Normal
62.26,53.04,63.49,64.23,65.16,71.55,0.47,1.0,0.0,0.9,0.2,0.0,Normal
56.4,53.04,56.65,65.86,66.12,70.54,0.43,1.0,0.0,0.9,0.31,0.0,Normal
62.31,53.04,72.5,57.56,59.79,74.95,0.34,1.0,0.0,0.9,0.0,0.0,Normal
63.61,53.04,72.5,61.47,62.56,69.53,0.33,1.0,0.0,0.9,0.0,0.0,Normal
62.09,53.04,72.5,59.65,61.15,72.95,0.42,1.0,0.0,0.9,0.0,0.0,Normal
72.48,72.5,72.5,59.23,73.96,72.05,0.1,0.15,1.0,0.1,0.0,0.23,Normal
55.97,53.04,55.04,70.03,69.73,71.66,0.38,1.0,0.0,0.9,0.37,0.0,Normal
63.32,53.04,72.5,61.53,62.63,72.27,0.48,1.0,0.0,0.9,0.0,0.0,Normal
71.94,69.5,72.5,62.84,74.83,73.59,0.1,0.15,1.0,0.1,0.0,0.04,Normal
62.13,53.04,72.5,57.12,59.54,74.75,0.33,1.0,0.0,0.9,0.0,0.0,Normal
57.29,53.04,57.13,66.24,66.14,70.46,0.44,1.0,0.0,0.9,0.32,0.0,Normal
60.76,53.04,57.28,67.17,67.51,73.02,0.43,1.0,0.0,0.9,0.34,0.0,Normal
58.78,53.04,58.6,65.71,66.01,70.64,0.43,1.0,0.0,0.9,0.32,0.0,Normal
58.65,53.04,58.79,65.1,65.63,70.59,0.44,1.0,0.0,0.9,0.31,0.0,Normal
58.81,53.04,59.14,66.57,66.63,71.05,0.41,1.0,0.0,0.9,0.27,0.0,Normal
54.68,53.04,55.04,71.47,72.11,68.01,0.43,0.11,1.0,0.1,0.39,0.0,Normal
58.1,53.04,58.82,64.61,65.53,70.56,0.44,1.0,0.0,0.9,0.28,0.0,Normal
54.39,53.04,55.04,73.51,72.5,67.96,0.46,0.1,1.0,0.1,0.38,0.0,Normal
72.42,72.5,72.5,54.35,73.34,71.86,0.1,0.15,1.0,0.1,0.0,0.25,Normal
56.75,53.04,56.55,64.13,65.17,70.46,0.47,1.0,0.0,0.9,0.33,0.0,Normal
61.81,53.04,72.5,60.0,61.09,73.06,0.38,1.0,0.0,0.9,0.0,0.0,Normal
55.63,53.04,55.04,71.52,72.31,68.26,0.42,0.11,1.0,0.1,0.42,0.0,Normal
56.4,53.04,55.04,69.31,69.39,71.82,0.39,1.0,0.0,0.9,0.38,0.0,Normal
55.9,53.04,55.04,69.56,69.66,71.87,0.38,1.0,0.0,0.9,0.35,0.0,Normal
72.59,72.5,72.5,54.4,73.77,72.07,0.1,0.15,1.0,0.1,0.0,0.24,Normal
63.09,53.04,64.2,68.89,68.88,69.75,0.27,1.0,0.0,0.9,0.21,0.0,Normal
54.57,53.04,55.04,72.99,72.25,67.77,0.45,0.11,1.0,0.1,0.39,0.0,Normal
62.77,53.04,64.32,64.99,65.31,71.34,0.44,1.0,0.0,0.9,0.18,0.0,Normal
54.56,53.04,55.04,69.4,69.46,71.07,0.31,1.0,0.0,0.9,0.32,0.0,Normal
64.7,53.04,65.45,68.74,68.6,69.84,0.28,1.0,0.0,0.9,0.22,0.0,Normal
54.37,53.04,55.04,72.22,72.18,68.0,0.43,0.11,1.0,0.1,0.37,0.0,Normal
72.28,72.5,72.5,53.84,73.41,71.78,0.1,0.15,1.0,0.1,0.0,0.24,Normal
57.13,53.04,55.04,69.39,68.8,72.3,0.38,1.0,0.0,0.9,0.35,0.0,Normal
58.93,53.04,59.27,66.15,66.58,71.1,0.4,1.0,0.0,0.9,0.28,0.0,Normal
63.22,53.04,72.5,60.82,61.97,72.47,0.43,1.0,0.0,0.9,0.0,0.0,Normal
65.05,53.04,66.38,62.04,63.61,72.6,0.5,1.0,0.0,0.9,0.0,0.0,Normal
57.7,53.04,58.27,66.93,67.0,71.03,0.38,1.0,0.0,0.9,0.28,0.0,Normal
60.67,53.04,61.16,66.07,66.41,71.29,0.4,1.0,0.0,0.9,0.25,0.0,Normal
63.2,53.04,72.5,61.07,62.3,72.5,0.44,1.0,0.0,0.9,0.0,0.0,Normal
72.74,72.5,72.5,55.72,75.16,73.36,0.1,0.15,1.0,0.1,0.0,0.21,Normal
71.33,55.36,72.5,63.37,66.66,76.24,0.1,1.0,0.0,0.9,0.0,0.0,Normal
55.59,53.04,55.04,72.51,72.21,67.94,0.46,0.11,1.0,0.1,0.43,0.0,Normal
61.06,53.04,62.08,65.71,66.4,71.77,0.41,1.0,0.0,0.9,0.23,0.0,Normal
57.65,53.04,57.53,65.82,66.01,70.5,0.43,1.0,0.0,0.9,0.33,0.0,Normal
55.42,53.04,55.04,73.48,72.76,68.32,0.47,0.1,1.0,0.1,0.44,0.0,Normal
54.09,53.04,55.04,70.71,70.04,68.75,0.38,1.0,0.0,0.9,0.36,0.0,Normal
72.23,67.55,72.5,56.23,77.87,76.6,0.1,0.26,0.87,0.2,0.0,0.0,Normal
72.6,72.5,72.5,59.05,74.15,72.05,0.1,0.15,1.0,0.1,0.0,0.22,Normal
71.69,67.21,72.5,63.2,74.56,73.81,0.1,0.25,0.88,0.19,0.0,0.0,Normal
61.09,53.04,61.98,66.13,66.44,71.78,0.42,1.0,0.0,0.9,0.23,0.0,Normal
63.19,53.04,72.5,60.2,61.73,72.48,0.43,1.0,0.0,0.9,0.0,0.0,Normal
62.18,53.04,72.5,59.4,61.13,72.88,0.42,1.0,0.0,0.9,0.0,0.0,Normal
55.5,53.04,55.04,73.48,72.99,68.77,0.43,0.11,1.0,0.1,0.4,0.0,Normal
54.25,53.04,55.04,70.06,69.79,68.97,0.38,1.0,0.0,0.9,0.36,0.0,Normal
70.22,53.04,72.5,63.48,65.46,76.45,0.26,1.0,0.0,0.9,0.0,0.0,Normal
67.79,53.04,72.5,64.14,65.49,76.43,0.37,1.0,0.0,0.9,0.0,0.0,Normal
67.02,53.04,72.5,64.58,65.58,74.77,0.45,1.0,0.0,0.9,0.0,0.0,Normal
58.08,53.04,58.76,64.9,65.6,70.55,0.45,1.0,0.0,0.9,0.29,0.0,Normal
72.84,72.5,72.5,54.81,74.31,72.5,0.1,0.15,1.0,0.1,0.0,0.22,Normal
54.85,53.04,55.04,73.01,72.27,67.75,0.47,0.1,1.0,0.1,0.41,0.0,Normal
62.22,53.04,72.5,57.33,59.65,74.84,0.34,1.0,0.0,0.9,0.0,0.0,Normal
57.3,53.04,57.71,65.71,66.23,70.85,0.44,1.0,0.0,0.9,0.3,0.0,Normal
72.74,72.5,72.5,55.68,75.05,73.28,0.1,0.15,1.0,0.1,0.0,0.21,Normal
54.16,53.04,55.04,70.9,70.22,69.63,0.38,1.0,0.0,0.9,0.35,0.0,Normal
55.4,53.04,55.04,71.78,71.0,71.06,0.31,1.0,0.0,0.9,0.37,0.0,Normal
72.44,72.5,72.5,59.88,73.7,72.07,0.1,0.15,1.0,0.1,0.0,0.24,Normal
56.94,53.04,55.04,65.12,65.77,71.08,0.49,1.0,0.0,0.9,0.34,0.0,Normal
56.55,53.04,55.04,69.7,69.37,71.66,0.33,1.0,0.0,0.9,0.36,0.0,Normal
66.97,53.04,72.5,64.71,65.59,74.7,0.46,1.0,0.0,0.9,0.0,0.0,Normal
57.53,53.04,57.89,66.21,66.39,70.84,0.43,1.0,0.0,0.9,0.31,0.0,Normal
56.41,53.04,56.71,65.28,65.91,70.6,0.43,1.0,0.0,0.9,0.31,0.0,Normal
57.76,53.04,58.29,66.57,66.75,70.97,0.39,1.0,0.0,0.9,0.29,0.0,Normal
72.77,72.09,72.5,62.1,74.52,73.19,0.1,0.15,1.0,0.1,0.01,0.17,Normal
54.78,53.04,55.04,72.65,72.3,67.99,0.44,0.11,1.0,0.1,0.4,0.0,Normal
66.96,53.04,72.5,64.99,66.02,74.47,0.46,1.0,0.0,0.9,0.0,0.0,Normal
55.12,53.04,55.04,73.98,72.71,68.23,0.47,0.1,1.0,0.1,0.43,0.0,Normal
58.2,53.04,58.34,65.11,66.01,70.8,0.44,1.0,0.0,0.9,0.31,0.0,Normal
63.96,53.04,64.86,68.51,68.68,69.77,0.28,1.0,0.0,0.9,0.22,0.0,Normal
72.75,72.5,72.5,55.43,74.29,72.96,0.1,0.15,1.0,0.1,0.0,0.22,Normal
55.89,53.04,55.04,70.66,70.43,71.32,0.39,1.0,0.0,0.9,0.39,0.0,Normal
67.82,53.04,68.08,66.79,67.23,73.67,0.46,1.0,0.0,0.9,0.0,0.0,Normal
61.54,53.04,72.5,59.55,60.79,73.07,0.37,1.0,0.0,0.9,0.0,0.0,Normal
63.47,53.04,72.5,61.93,62.87,69.69,0.25,1.0,0.0,0.9,0.0,0.0,Normal
55.17,53.04,55.04,73.56,72.82,68.48,0.45,0.11,1.0,0.1,0.41,0.0,Normal
58.31,53.04,61.14,69.8,69.34,70.17,0.26,1.0,0.0,0.9,0.15,0.0,Normal
55.35,53.04,55.04,73.25,72.99,68.78,0.43,0.11,1.0,0.1,0.4,0.0,Normal
62.07,53.04,72.5,59.47,60.99,72.97,0.41,1.0,0.0,0.9,0.0,0.0,Normal
63.49,53.04,72.5,61.89,62.9,69.61,0.27,1.0,0.0,0.9,0.0,0.0,Normal
56.53,53.04,55.04,73.51,72.95,68.62,0.45,0.11,1.0,0.1,0.47,0.0,Normal
72.13,72.5,72.5,54.03,73.16,71.77,0.1,0.15,1.0,0.1,0.0,0.25,Normal
54.36,53.04,55.04,73.07,72.45,67.98,0.48,0.1,1.0,0.1,0.39,0.0,Normal
57.7,53.04,58.18,66.47,67.0,71.13,0.39,1.0,0.0,0.9,0.28,0.0,Normal
57.8,53.04,58.15,64.72,65.3,70.56,0.46,1.0,0.0,0.9,0.3,0.0,Normal
54.58,53.04,55.04,71.71,72.15,68.02,0.43,0.11,1.0,0.1,0.39,0.0,Normal
72.73,72.5,72.5,55.56,75.13,73.18,0.1,0.15,1.0,0.1,0.0,0.22,Normal
56.6,53.04,55.04,69.69,69.11,71.66,0.32,1.0,0.0,0.9,0.36,0.0,Normal
72.23,72.5,72.5,59.57,73.83,72.05,0.1,0.15,1.0,0.1,0.0,0.25,Normal
57.81,53.04,58.13,67.35,67.25,71.19,0.39,1.0,0.0,0.9,0.3,0.0,Normal
54.52,53.04,55.04,72.17,72.25,68.04,0.44,0.11,1.0,0.1,0.39,0.0,Normal
63.65,53.04,65.28,63.68,64.67,71.33,0.48,1.0,0.0,0.9,0.17,0.0,Normal
55.59,53.04,55.04,73.02,72.99,68.85,0.42,0.11,1.0,0.1,0.4,0.0,Normal
72.74,72.5,72.5,55.69,75.13,73.31,0.1,0.15,1.0,0.1,0.0,0.21,Normal
72.51,72.5,72.5,53.68,73.88,71.77,0.1,0.15,1.0,0.1,0.0,0.22,Normal
62.25,53.04,72.5,61.09,62.0,72.85,0.42,1.0,0.0,0.9,0.0,0.0,Normal
55.42,53.04,55.04,72.97,73.24,69.22,0.42,0.11,1.0,0.1,0.39,0.0,Normal
62.4,53.04,72.5,58.24,60.0,75.08,0.34,1.0,0.0,0.9,0.0,0.0,Normal
63.15,53.04,72.5,61.59,62.34,72.48,0.46,1.0,0.0,0.9,0.0,0.0,Normal
62.84,53.04,72.5,61.04,62.17,72.58,0.44,1.0,0.0,0.9,0.0,0.0,Normal
55.99,53.04,55.04,70.93,70.39,71.59,0.38,1.0,0.0,0.9,0.38,0.0,Normal
54.31,53.04,55.04,71.96,72.18,68.0,0.42,0.11,1.0,0.1,0.37,0.0,Normal
63.21,53.04,72.5,57.41,59.67,75.84,0.34,1.0,0.0,0.9,0.0,0.0,Normal
57.38,53.04,57.59,66.08,66.0,70.51,0.44,1.0,0.0,0.9,0.31,0.0,Normal
56.09,53.04,55.04,69.07,69.18,71.83,0.38,1.0,0.0,0.9,0.35,0.0,Normal
54.4,53.04,55.04,69.14,69.2,71.06,0.32,1.0,0.0,0.9,0.31,0.0,Normal
55.98,53.04,55.04,71.79,73.65,70.13,0.41,0.11,1.0,0.1,0.4,0.0,Normal
57.76,53.04,57.99,67.14,67.19,71.15,0.38,1.0,0.0,0.9,0.29,0.0,Normal
